cardo	Cardo-Bold	BLOCKING	2	Cardo-Bold.ttf	head.font_direction_hint,OS/2.us_weight_class
cardo	Cardo-Italic	BLOCKING	10	Cardo-Italic.ttf	GDEF.lig_carets,GSUB.feature_list,GSUB.lookup_list,GSUB.script_list,head.font_direction_hint,hmtx.nonbreakingspace,hmtx.uni05B105BD,hmtx.uni1DC1,hmtx.uni2E0F,hmtx.uni2E10
cardo	Cardo-Regular	BUILD-FAILED	-	-	--fontforge-height-glyph-count-mean --fontforge-os2-defaults --add-instance-per-master --infer-mark-category --set-subcategory --keep-source-glyph-names --keep-source-advances --snap-component-transforms --fontforge-underline-position --reverse-path-direction
italiana	Italiana-Regular	CLEAN	0	Italiana-Regular.ttf	-
keaniaone	KeaniaOne-Regular	CLEAN	0	KeaniaOne-Regular.ttf	-
kellyslab	KellySlab-Regular	CLEAN	0	KellySlab-Regular.ttf	-
kottaone	KottaOne-Regular	BLOCKING	1	KottaOne-Regular.ttf	OS/2.sx_height
ledger	Ledger-Regular	BLOCKING	2	Ledger-Regular.ttf	hmtx.uni00A0,OS/2.sx_height
lilitaone	LilitaOne-Regular	BLOCKING	2	LilitaOne-Regular.ttf	OS/2.s_cap_height,OS/2.sx_height
limelight	Limelight-Regular	BLOCKING	5	Limelight-Regular.ttf	hhea.ascender,hhea.descender,OS/2.s_typo_ascender,OS/2.us_win_ascent,OS/2.us_win_descent
lohitbengali	Lohit-Bengali	BLOCKING	1	LohitBengali-Bengali.ttf	OS/2.panose_10
lohittamil	Lohit-Tamil	BLOCKING	8	LohitTamil-Tamil.ttf	hmtx.u0BC1,hmtx.u0BC2,hmtx.u0BEA,hmtx.u0BEC,hmtx.u0BED,hmtx.u0BEE,hmtx.u0BEF,OS/2.panose_10
lovedbytheking	LovedbytheKing	CLEAN	0	LovedbytheKing-Regular.ttf	-
loveyalikeasister	LoveYaLikeASister	CLEAN	0	LoveYaLikeASister-Regular.ttf	-
lustria	Lustria-Regular	BLOCKING	2	Lustria-Regular.ttf	OS/2.s_cap_height,OS/2.sx_height
macondo	Macondo-Regular	BLOCKING	1	Macondo-Regular.ttf	OS/2.sx_height
magra	Magra-Bold	BLOCKING	3	Magra-Bold.ttf	OS/2.s_cap_height,OS/2.sx_height,OS/2.us_weight_class
magra	Magra-Regular	CLEAN	0	Magra-Regular.ttf	-
marvel	Marvel-BoldItalic	BLOCKING	1	Marvel-BoldItalic.ttf	OS/2.us_weight_class
marvel	Marvel-Bold	BLOCKING	1	Marvel-Bold.ttf	OS/2.us_weight_class
marvel	Marvel-Italic	CLEAN	0	Marvel-Italic.ttf	-
marvel	Marvel-Regular	CLEAN	0	Marvel-Regular.ttf	-
medulaone	MedulaOne-Regular	CLEAN	0	MedulaOne-Regular.ttf	-
megrim	Megrim	BLOCKING	4	Megrim-Medium.ttf	GSUB.feature_list,GSUB.lookup_list,GSUB.script_list,OS/2.us_weight_class
meiescript	MeieScript-Regular	CLEAN	0	MeieScript-Regular.ttf	-
mergeone	MergeOne-Regular	BLOCKING	1	MergeOne-Regular.ttf	OS/2.sx_height
missfajardose	MissFajardose-Regular	CLEAN	0	MissFajardose-Regular.ttf	-
monsieurladoulaise	MonsieurLaDoulaise-Regular	CLEAN	0	MonsieurLaDoulaise-Regular.ttf	-
mountainsofchristmas	MountainsofChristmas-Bold	BLOCKING	4	MountainsofChristmas-Bold.ttf	hhea.descender,OS/2.us_weight_class,OS/2.us_win_ascent,OS/2.us_win_descent
mountainsofchristmas	MountainsofChristmas-Regular	CLEAN	0	MountainsofChristmas-Regular.ttf	-
mrbedfort	MrBedfort-Regular	CLEAN	0	MrBedfort-Regular.ttf	-
mrdafoe	MrDafoe-Regular	CLEAN	0	MrDafoe-Regular.ttf	-
mrdehaviland	MrDeHaviland-Regular	CLEAN	0	MrDeHaviland-Regular.ttf	-
mrssaintdelafield	MrsSaintDelafield-Regular	CLEAN	0	MrsSaintDelafield-Regular.ttf	-
mrssheppards	MrsSheppards-Regular	CLEAN	0	MrsSheppards-Regular.ttf	-
niconne	Niconne-Regular	CLEAN	0	Nicone-Regular.ttf	-
nothingyoucoulddo	NothingYouCouldDo	BLOCKING	2	NothingYouCouldDo-Regular.ttf	hhea.ascender,OS/2.us_win_ascent
numans	Numans-Regular	CLEAN	0	Numans-Regular.ttf	-
oleoscript	OleoScript-Bold	BLOCKING	3	OleoScript-Bold.ttf	OS/2.s_cap_height,OS/2.sx_height,OS/2.us_weight_class
oleoscript	OleoScript-Regular	BLOCKING	2	OleoScript-Regular.ttf	OS/2.s_cap_height,OS/2.sx_height
oleoscriptswashcaps	OleoScriptSwashCaps-Bold	BLOCKING	3	OleoScriptSwashCaps-Bold.ttf	OS/2.s_cap_height,OS/2.sx_height,OS/2.us_weight_class
oleoscriptswashcaps	OleoScriptSwashCaps-Regular	BLOCKING	1	OleoScriptSwashCaps-Regular.ttf	OS/2.sx_height
overlock	Overlock-BlackItalic	BLOCKING	1	Overlock-BlackItalic.ttf	OS/2.us_weight_class
overlock	Overlock-Black	BLOCKING	1	Overlock-Black.ttf	OS/2.us_weight_class
overlock	Overlock-BoldItalic	BLOCKING	1	Overlock-BoldItalic.ttf	OS/2.us_weight_class
overlock	Overlock-Bold	BLOCKING	1	Overlock-Bold.ttf	OS/2.us_weight_class
overlock	Overlock-Italic	CLEAN	0	Overlock-Italic.ttf	-
overlock	Overlock-Regular	CLEAN	0	Overlock-Regular.ttf	-
overlocksc	OverlockSC-Regular	CLEAN	0	OverlockSC-Regular.ttf	-
overtherainbow	OvertheRainbow	CLEAN	0	OvertheRainbow-Regular.ttf	-
passionone	PassionOne-Black	BLOCKING	1	PassionOne-Black.ttf	OS/2.us_weight_class
passionone	PassionOne-Bold	BLOCKING	1	PassionOne-Bold.ttf	OS/2.us_weight_class
passionone	PassionOne-Regular	CLEAN	0	PassionOne-Regular.ttf	-
patuaone	PatuaOne-Regular	CLEAN	0	PatuaOne-Regular.ttf	-
piedra	Piedra-Regular	CLEAN	0	Piedra-Regular.ttf	-
pirataone	PirataOne-Regular	CLEAN	0	PirataOne-Regular.ttf	-
poly	Poly-Italic	BLOCKING	3	Poly-Italic.ttf	GSUB.feature_list,GSUB.lookup_list,GSUB.script_list
poly	Poly-Regular	CLEAN	0	Poly-Regular.ttf	-
portlligatsans	PortLligatSans-Regular	CLEAN	0	PortLligatSans-Regular.ttf	-
portlligatslab	PortLligatSlab-Regular	CLEAN	0	PortLligatSlab-Regular.ttf	-
quantico	Quantico-BoldItalic	BLOCKING	1	Quantico-BoldItalic.ttf	OS/2.us_weight_class
quantico	Quantico-Bold	BLOCKING	1	Quantico-Bold.ttf	OS/2.us_weight_class
quantico	Quantico-Italic	CLEAN	0	Quantico-Italic.ttf	-
quantico	Quantico-Regular	CLEAN	0	Quantico-Regular.ttf	-
rambla	Rambla-BoldItalic	BLOCKING	3	Rambla-BoldItalic.ttf	OS/2.s_cap_height,OS/2.sx_height,OS/2.us_weight_class
rambla	Rambla-Bold	BLOCKING	3	Rambla-Bold.ttf	OS/2.s_cap_height,OS/2.sx_height,OS/2.us_weight_class
rambla	Rambla-Italic	CLEAN	0	Rambla-Italic.ttf	-
rambla	Rambla-Regular	CLEAN	0	Rambla-Regular.ttf	-
revalia	Revalia-Regular	CLEAN	0	Revalia-Regular.ttf	-
ribeyemarrow	RibeyeMarrow-Regular	BLOCKING	2	RibeyeMarrow-Regular.ttf	GSUB.feature_list,GSUB.lookup_list
rochester	Rochester-Regular	CLEAN	0	Rochester-Regular.ttf	-
rosarivo	Rosarivo-Italic	BLOCKING	1	Rosarivo-Italic.ttf	OS/2.sx_height
rosarivo	Rosarivo-Regular	CLEAN	0	Rosarivo-Regular.ttf	-
rougescript	RougeScript-Regular	CLEAN	0	RougeScript-Regular.ttf	-
rufina	Rufina-Bold	BLOCKING	1	Rufina-Bold.ttf	OS/2.us_weight_class
rufina	Rufina-Regular	CLEAN	0	Rufina-Regular.ttf	-
ruluko	Ruluko-Regular	CLEAN	0	Ruluko-Regular.ttf	-
sail	Sail-Regular	BLOCKING	1	Sail-Regular.ttf	OS/2.s_cap_height
salsa	Salsa-Regular	CLEAN	0	Salsa-Regular.ttf	-
sanchez	Sanchez-Italic	CLEAN	0	Sanchez-Italic.ttf	-
sanchez	Sanchez-Regular	CLEAN	0	Sanchez-Regular.ttf	-
smokum	Smokum-Regular	BLOCKING	3	Smokum-Regular.ttf	GPOS.feature_list,GPOS.lookup_list,GPOS.script_list
spirax	Spirax-Regular	CLEAN	0	Spirax-Regular.ttf	-
squadaone	SquadaOne-Regular	CLEAN	0	SquadaOne-Regular.ttf	-
swankyandmoomoo	SwankyandMooMoo	CLEAN	0	SwankyandMooMoo-Regular.ttf	-
textmeone	TextMeOne-Regular	BLOCKING	1	TextMeOne-Regular.ttf	OS/2.sx_height
thabit	Thabit-Bold	BLOCKING	465	Bold-Bold.ttf	cmap,GSUB.feature_list,GSUB.lookup_list,GSUB.script_list,head.font_direction_hint,hmtx.2,OS/2.us_weight_class,PfEd:
thabit	Thabit	BLOCKING	465	Regular-Medium.ttf	cmap,GSUB.feature_list,GSUB.lookup_list,GSUB.script_list,head.font_direction_hint,hmtx.2,OS/2.us_weight_class,PfEd:
thegirlnextdoor	TheGirlNextDoor	CLEAN	0	TheGirlNextDoor-Regular.ttf	-
titanone	TitanOne-Regular	CLEAN	0	TitanOne-Regular.ttf	-
titilliumweb	TitilliumWeb-Black	BLOCKING	2	TitilliumWeb-Black.ttf	OS/2.fs_type,OS/2.us_weight_class
titilliumweb	TitilliumWeb-BoldItalic	BLOCKING	2	TitilliumWeb-BoldItalic.ttf	OS/2.fs_type,OS/2.us_weight_class
titilliumweb	TitilliumWeb-Bold	BLOCKING	2	TitilliumWeb-Bold.ttf	OS/2.fs_type,OS/2.us_weight_class
titilliumweb	TitilliumWeb-Italic	BLOCKING	1	TitilliumWeb-Italic.ttf	OS/2.fs_type
titilliumweb	TitilliumWeb-LightItalic	BLOCKING	2	TitilliumWeb-LightItalic.ttf	OS/2.fs_type,OS/2.us_weight_class
titilliumweb	TitilliumWeb-Light	BLOCKING	2	TitilliumWeb-Light.ttf	OS/2.fs_type,OS/2.us_weight_class
titilliumweb	TitilliumWeb-Regular	BLOCKING	1	TitilliumWeb-Regular.ttf	OS/2.fs_type
titilliumweb	TitilliumWeb-SemiBoldItalic	BLOCKING	2	TitilliumWeb-SemiBoldItalic.ttf	OS/2.fs_type,OS/2.us_weight_class
titilliumweb	TitilliumWeb-SemiBold	BLOCKING	2	TitilliumWeb-SemiBold.ttf	OS/2.fs_type,OS/2.us_weight_class
trochut	Trochut-Bold	BLOCKING	1	Trochut-Bold.ttf	OS/2.us_weight_class
trochut	Trochut-Italic	CLEAN	0	Trochut-Italic.ttf	-
trochut	Trochut-Regular	CLEAN	0	Trochut-Regular.ttf	-
ultra	Ultra-Regular	BLOCKING	3	Ultra-Black.ttf	GPOS.feature_list,GPOS.lookup_list,GPOS.script_list
varela	Varela-Regular	BLOCKING	6	Varela-Regular.ttf	GPOS.feature_list,GPOS.lookup_list,GPOS.script_list,GSUB.feature_list,GSUB.lookup_list,GSUB.script_list
viga	Viga-Regular	CLEAN	0	Viga-Regular.ttf	-
wallpoet	Wallpoet-Regular	BLOCKING	1	Wallpoet-Regular.ttf	OS/2.fs_type
wendyone	WendyOne-Regular	CLEAN	0	WendyOne-Regular.ttf	-
