abrilfatface	AbrilFatface-Regular	BLOCKING	1	AbrilFatface-Regular.ttf	OS/2.sx_height
allerta	AllertaStencil-Regular	BLOCKING	2	AllertaStencil-Regular.ttf	OS/2.s_cap_height,OS/2.sx_height
comicrelief	ComicRelief-Bold	BLOCKING	2	ComicRelief-Bold.ttf	OS/2.us_weight_class,post.underline_position
comicrelief	ComicRelief-Regular	BLOCKING	1	ComicRelief-Regular.ttf	post.underline_position
corben	Corben-Bold	BUILD-FAILED	-	-	--add-instance-per-master --infer-mark-category --set-subcategory --keep-source-glyph-names --keep-source-advances --snap-component-transforms --fontforge-underline-position --fontforge-os2-defaults --correct-path-direction --add-legacy-duplicate-cmap
corben	Corben-Regular	BLOCKING	2	Corben-Regular.ttf	OS/2.s_cap_height,OS/2.sx_height
creepstercaps	CreepsterCaps-Regular	BLOCKING	2	CreepsterCaps-Regular.ttf	OS/2.s_cap_height,OS/2.sx_height
herrvonmuellerhoff	HerrVonMuellerhoff-Regular	BLOCKING	2	HerrVonMuellerhoff-Regular.ttf	OS/2.s_cap_height,OS/2.sx_height
kristi	Kristi-Regular	CLEAN	0	Kristi-Regular.ttf	-
lekton	Lekton-Bold	BLOCKING	3	Lekton-Bold.ttf	OS/2.s_cap_height,OS/2.sx_height,OS/2.us_weight_class
lekton	Lekton-Italic	BLOCKING	2	Lekton-Italic.ttf	OS/2.s_cap_height,OS/2.sx_height
lekton	Lekton-Regular	BLOCKING	2	Lekton-Regular.ttf	OS/2.s_cap_height,OS/2.sx_height
miama	Miama-Regular	BLOCKING	2	Miama-Regular.ttf	OS/2.s_cap_height,OS/2.sx_height
monoton	Monoton-Regular	BLOCKING	2	Monoton-Regular.ttf	OS/2.s_cap_height,OS/2.sx_height
nixieone	NixieOne-Regular	CLEAN	0	NixieOne-Regular.ttf	-
nosifercaps	NosiferCaps-Regular	BLOCKING	3	NosiferCaps-Regular.ttf	OS/2.s_cap_height,OS/2.sx_height,OS/2.us_weight_class
nosifer	Nosifer-Regular	BLOCKING	5	Nosifer-Regular.ttf	GSUB.feature_list,GSUB.lookup_list,GSUB.script_list,OS/2.s_cap_height,OS/2.sx_height
novacut	NovaCut	BLOCKING	2	NovaCut-Regular.ttf	OS/2.s_cap_height,OS/2.sx_height
novaflat	NovaFlat	BLOCKING	2	NovaFlat-Regular.ttf	OS/2.s_cap_height,OS/2.sx_height
novamono	NovaMono	BLOCKING	2	NovaMono-Regular.ttf	OS/2.s_cap_height,OS/2.sx_height
novaoval	NovaOval	BLOCKING	2	NovaOval-Regular.ttf	OS/2.s_cap_height,OS/2.sx_height
novaround	NovaRound	BLOCKING	2	NovaRound-Regular.ttf	OS/2.s_cap_height,OS/2.sx_height
novascript	NovaScript-Regular	BLOCKING	2	NovaScript-Regular.ttf	OS/2.s_cap_height,OS/2.sx_height
novaslim	NovaSlim	BLOCKING	2	NovaSlim-Regular.ttf	OS/2.s_cap_height,OS/2.sx_height
novasquare	NovaSquare	BLOCKING	2	NovaSquare-Regular.ttf	OS/2.s_cap_height,OS/2.sx_height
patrickhand	PatrickHand-Regular	BLOCKING	2	PatrickHand-Regular.ttf	OS/2.s_cap_height,OS/2.sx_height
play	Play-Bold	BLOCKING	233	Play-Bold.ttf	cmap,GDEF.glyph_classes,GDEF.mark_attach_classes,GSUB.feature_list,GSUB.lookup_list,GSUB.script_list,hhea.ascender,hmtx.79,OS/2.panose_10,OS/2.s_cap_height,OS/2.s_typo_ascender,OS/2.sx_height,OS/2.us_weight_class,OS/2.us_win_ascent,OS/2.us_win_descent,OS/2.y_strikeout_position,OS/2.y_subscript_x_size,OS/2.y_subscript_y_offset,OS/2.y_subscript_y_size,OS/2.y_superscript_x_size,OS/2.y_superscript_y_offset,OS/2.y_superscript_y_size,post.num_glyphs
play	Play-Regular	BLOCKING	220	Play-Regular.ttf	cmap,GDEF.glyph_classes,GDEF.mark_attach_classes,GSUB.feature_list,GSUB.lookup_list,GSUB.script_list,hhea.descender,hmtx.76,OS/2.ach_vend_id,OS/2.panose_10,OS/2.s_cap_height,OS/2.s_typo_descender,OS/2.sx_height,OS/2.us_win_ascent,OS/2.us_win_descent,OS/2.y_strikeout_position,OS/2.y_subscript_x_size,OS/2.y_subscript_y_offset,OS/2.y_subscript_y_size,OS/2.y_superscript_x_size,OS/2.y_superscript_y_offset,OS/2.y_superscript_y_size,post.num_glyphs
puritan	Puritan-BoldItalic	BLOCKING	20	Puritan-BoldItalic.ttf	head.units_per_em,hhea.ascender,hhea.descender,hmtx.151,OS/2.s_cap_height,OS/2.s_typo_ascender,OS/2.s_typo_descender,OS/2.sx_height,OS/2.us_weight_class,OS/2.us_win_ascent,OS/2.us_win_descent,OS/2.y_strikeout_position,OS/2.y_strikeout_size,OS/2.y_subscript_x_size,OS/2.y_subscript_y_offset,OS/2.y_subscript_y_size,OS/2.y_superscript_x_size,OS/2.y_superscript_y_offset,OS/2.y_superscript_y_size,post.underline_position
puritan	Puritan-Bold	BLOCKING	20	Puritan-Bold.ttf	head.units_per_em,hhea.ascender,hhea.descender,hmtx.177,OS/2.s_cap_height,OS/2.s_typo_ascender,OS/2.s_typo_descender,OS/2.sx_height,OS/2.us_weight_class,OS/2.us_win_ascent,OS/2.us_win_descent,OS/2.y_strikeout_position,OS/2.y_strikeout_size,OS/2.y_subscript_x_size,OS/2.y_subscript_y_offset,OS/2.y_subscript_y_size,OS/2.y_superscript_x_size,OS/2.y_superscript_y_offset,OS/2.y_superscript_y_size,post.underline_position
puritan	Puritan-Italic	BLOCKING	19	Puritan-Italic.ttf	head.units_per_em,hhea.ascender,hhea.descender,hmtx.158,OS/2.s_cap_height,OS/2.s_typo_ascender,OS/2.s_typo_descender,OS/2.sx_height,OS/2.us_win_ascent,OS/2.us_win_descent,OS/2.y_strikeout_position,OS/2.y_strikeout_size,OS/2.y_subscript_x_size,OS/2.y_subscript_y_offset,OS/2.y_subscript_y_size,OS/2.y_superscript_x_size,OS/2.y_superscript_y_offset,OS/2.y_superscript_y_size,post.underline_position
puritan	Puritan-Regular	BLOCKING	19	Puritan-Regular.ttf	head.units_per_em,hhea.ascender,hhea.descender,hmtx.193,OS/2.s_cap_height,OS/2.s_typo_ascender,OS/2.s_typo_descender,OS/2.sx_height,OS/2.us_win_ascent,OS/2.us_win_descent,OS/2.y_strikeout_position,OS/2.y_strikeout_size,OS/2.y_subscript_x_size,OS/2.y_subscript_y_offset,OS/2.y_subscript_y_size,OS/2.y_superscript_x_size,OS/2.y_superscript_y_offset,OS/2.y_superscript_y_size,post.underline_position
russoone	RussoOne-Regular	BLOCKING	2	RussoOne-Regular.ttf	OS/2.fs_type,OS/2.sx_height
sixcaps	SixCaps	CLEAN	0	SixCaps-Regular.ttf	-
smythe	Smythe-Regular	BLOCKING	2	Smythe-Regular.ttf	OS/2.s_cap_height,OS/2.sx_height
tuffy	Tuffy-BoldItalic	BLOCKING	1	Tuffy-BoldItalic.ttf	OS/2.us_weight_class
tuffy	Tuffy-Bold	BLOCKING	1	Tuffy-Bold.ttf	OS/2.us_weight_class
tuffy	Tuffy-Italic	BLOCKING	27	Tuffy-Italic.ttf	cmap,GDEF.glyph_classes,GSUB.feature_list,GSUB.lookup_list,GSUB.script_list,hmtx.7,OS/2.fs_type,OS/2.y_strikeout_position,OS/2.y_strikeout_size,OS/2.y_subscript_x_offset,OS/2.y_subscript_x_size,OS/2.y_subscript_y_offset,OS/2.y_subscript_y_size,OS/2.y_superscript_x_offset,OS/2.y_superscript_x_size,OS/2.y_superscript_y_offset,OS/2.y_superscript_y_size
tuffy	Tuffy-Regular	BLOCKING	74	Tuffy-Regular.ttf	cmap,GDEF.glyph_classes,GSUB.feature_list,GSUB.lookup_list,GSUB.script_list,hmtx.7,OS/2.fs_type,OS/2.y_strikeout_position,OS/2.y_strikeout_size,OS/2.y_subscript_x_offset,OS/2.y_subscript_x_size,OS/2.y_subscript_y_offset,OS/2.y_subscript_y_size,OS/2.y_superscript_x_offset,OS/2.y_superscript_x_size,OS/2.y_superscript_y_offset,OS/2.y_superscript_y_size
tulpenone	TulpenOne-Regular	BLOCKING	2	TulpenOne-Regular.ttf	OS/2.s_cap_height,OS/2.sx_height
unifrakturcook	UnifrakturCook-Bold	BLOCKING	3	UnifrakturCook-Bold.ttf	OS/2.s_cap_height,OS/2.sx_height,OS/2.us_weight_class
unifraktur	UnifrakturMaguntia-Book	BLOCKING	7	UnifrakturMaguntia-Regular.ttf	GPOS.feature_list,GPOS.lookup_list,GPOS.script_list,hhea.descender,OS/2.s_cap_height,OS/2.sx_height,OS/2.us_win_descent
