lekton	main	32ff2ca	3	CLEAN	Lekton-Bold=0; Lekton-Italic=0; Lekton-Regular=0
lekton	main	7370057	3	CLEAN	Lekton-Bold=0; Lekton-Italic=0; Lekton-Regular=0
lekton	main	307048d	3	CLEAN	Lekton-Bold=0; Lekton-Italic=0; Lekton-Regular=0
creepstercaps	main	8526c30	3	CLEAN	CreepsterCaps-Regular=0
kristi	main	07b2489	3	CLEAN	Kristi-Regular=0
monoton	main	50f06b9	3	CLEAN	Monoton-Regular=0
nixieone	main	75c47b2	3	CLEAN	NixieOne-Regular=0
novacut	main	7924f85	3	CLEAN	NovaCut=0
novaflat	main	5e9b03b	3	CLEAN	NovaFlat=0
novamono	main	731eae1	3	CLEAN	NovaMono=0
novaoval	main	06b48c9	3	CLEAN	NovaOval=0
novaround	main	2a23837	3	CLEAN	NovaRound=0
novascript	main	3747bf8	3	CLEAN	NovaScript-Regular=0
novaslim	main	1635af2	3	CLEAN	NovaSlim=0
novasquare	main	77db8f1	3	CLEAN	NovaSquare=0
sixcaps	main	d11aff5	3	CLEAN	SixCaps=0
smythe	main	c138278	3	CLEAN	Smythe-Regular=0
tulpenone	main	5e714fe	3	CLEAN	TulpenOne-Regular=0
abrilfatface	modernize-sfd-to-glyphs	2f3cf30	13	CLEAN	AbrilFatface-Regular=0
allerta	add-allerta-stencil	a9d3f6a	17	CLEAN	AllertaStencil-Regular=0
