creepstercaps	main	d2ba0c4	https://github.com/googlefonts/creepstercaps.git
herrvonmuellerhoff	main	585d840	https://github.com/googlefonts/herrvonmuellerhoff.git
kellyslab	main	197a082	https://github.com/googlefonts/kellyslab.git
creepstercaps	main	d2ba0c4	https://github.com/googlefonts/creepstercaps.git
herrvonmuellerhoff	main	585d840	https://github.com/googlefonts/herrvonmuellerhoff.git
keaniaone	main	a0a653e	https://github.com/googlefonts/keaniaone.git
kellyslab	main	197a082	https://github.com/googlefonts/kellyslab.git
lovedbytheking	main	50930a2	https://github.com/googlefonts/lovedbytheking.git
loveyalikeasister	main	d71a063	https://github.com/googlefonts/loveyalikeasister.git
marvel	main	1fd5b63	https://github.com/googlefonts/marvel.git
medulaone	main	adde69d	https://github.com/googlefonts/medulaone.git
meiescript	main	28cd9f9	https://github.com/googlefonts/meiescript.git
missfajardose	main	d4e2a93	https://github.com/googlefonts/missfajardose.git
monsieurladoulaise	main	a6e0a13	https://github.com/googlefonts/monsieurladoulaise.git
mrdafoe	main	2b10e3c	https://github.com/googlefonts/mrdafoe.git
mrdehaviland	main	c64a446	https://github.com/googlefonts/mrdehaviland.git
mrssaintdelafield	main	605d13b	https://github.com/googlefonts/mrssaintdelafield.git
mrssheppards	main	4a2855d	https://github.com/googlefonts/mrssheppards.git
novacut	main	47f1668	https://github.com/googlefonts/novacut.git
novaflat	main	b29c6db	https://github.com/googlefonts/novaflat.git
novaoval	main	6908ec7	https://github.com/googlefonts/novaoval.git
novaround	main	94c0593	https://github.com/googlefonts/novaround.git
novaslim	main	f3765a0	https://github.com/googlefonts/novaslim.git
novasquare	main	4bbd271	https://github.com/googlefonts/novasquare.git
numans	main	adaee36	https://github.com/googlefonts/numans.git
overlocksc	main	ce67d04	https://github.com/googlefonts/overlocksc.git
overtherainbow	main	755359a	https://github.com/googlefonts/overtherainbow.git
patuaone	main	d380c3b	https://github.com/googlefonts/patuaone.git
piedra	main	4d4cb7a	https://github.com/googlefonts/piedra.git
pirataone	main	97d7500	https://github.com/googlefonts/pirataone.git
portlligatsans	main	9115deb	https://github.com/googlefonts/portlligatsans.git
portlligatslab	main	f256f6e	https://github.com/googlefonts/portlligatslab.git
puritan	main	df5efcc	https://github.com/googlefonts/puritan.git
quantico	main	072c8f6	https://github.com/googlefonts/quantico.git
rochester	main	1b61164	https://github.com/googlefonts/rochester.git
rufina	main	b1b07f0	https://github.com/googlefonts/rufina.git
russoone	main	8c3b842	https://github.com/googlefonts/russoone.git
sixcaps	main	7f3c2a2	https://github.com/googlefonts/sixcaps.git
spirax	main	b651a4d	https://github.com/googlefonts/spirax.git
squadaone	main	6d57ce4	https://github.com/googlefonts/squadaone.git
swankyandmoomoo	main	d4742f5	https://github.com/googlefonts/swankyandmoomoo.git
thegirlnextdoor	main	b2cb796	https://github.com/googlefonts/thegirlnextdoor.git
trochut	main	1f3e4ae	https://github.com/googlefonts/trochut.git
tulpenone	main	ccb2226	https://github.com/googlefonts/tulpenone.git
wendyone	main	7e19d97	https://github.com/googlefonts/wendyone.git
