TitilliumWeb-Black	0	TitilliumWeb-Black.ttf
TitilliumWeb-Bold	0	TitilliumWeb-Bold.ttf
TitilliumWeb-BoldItalic	0	TitilliumWeb-BoldItalic.ttf
TitilliumWeb-Italic	0	TitilliumWeb-Italic.ttf
TitilliumWeb-Light	0	TitilliumWeb-Light.ttf
TitilliumWeb-LightItalic	0	TitilliumWeb-LightItalic.ttf
TitilliumWeb-Regular	0	TitilliumWeb-Regular.ttf
TitilliumWeb-SemiBold	0	TitilliumWeb-SemiBold.ttf
TitilliumWeb-SemiBoldItalic	0	TitilliumWeb-SemiBoldItalic.ttf
TitilliumWeb-ExtraLight	0	TitilliumWeb-ExtraLight.ttf
TitilliumWeb-ExtraLightItalic	0	TitilliumWeb-ExtraLightItalic.ttf
