Italiana-Regular	pairs	13689 strings	726 differ kern+mark	0 strings	0 differ 	/home/fsanches/compartilhado/sfd-reland-scratch/baseline/Italiana-Regular-next/fonts/ttf/Italiana-Regular.ttf
Cardo-Bold	pairs	41683 strings	0 differ kern+mark	426 strings	177 differ 	/home/fsanches/compartilhado/sfd-reland-scratch/baseline/Cardo-Bold-next/fonts/ttf/Cardo-Bold.ttf
KeaniaOne-Regular	pairs	14401 strings	0 differ kern+mark	0 strings	0 differ 	/home/fsanches/compartilhado/sfd-reland-scratch/baseline/KeaniaOne-Regular-next/fonts/ttf/KeaniaOne-Regular.ttf
Cardo-Italic	pairs	40097 strings	0 differ kern+mark	3057 strings	2056 differ 	/home/fsanches/compartilhado/sfd-reland-scratch/baseline/Cardo-Italic-next/fonts/ttf/Cardo-Italic.ttf
KellySlab-Regular	pairs	23236 strings	0 differ kern+mark	0 strings	0 differ 	/home/fsanches/compartilhado/sfd-reland-scratch/baseline/KellySlab-Regular-next/fonts/ttf/KellySlab-Regular.ttf
Ledger-Regular	pairs	23236 strings	0 differ kern+mark	0 strings	0 differ 	/home/fsanches/compartilhado/sfd-reland-scratch/baseline/Ledger-Regular-next/fonts/ttf/Ledger-Regular.ttf
KottaOne-Regular	pairs	14401 strings	0 differ kern+mark	0 strings	0 differ 	/home/fsanches/compartilhado/sfd-reland-scratch/baseline/KottaOne-Regular-next/fonts/ttf/KottaOne-Regular.ttf
LilitaOne-Regular	pairs	14400 strings	0 differ kern+mark	0 strings	0 differ 	/home/fsanches/compartilhado/sfd-reland-scratch/baseline/LilitaOne-Regular-next/fonts/ttf/LilitaOne-Regular.ttf
Lohit-Bengali	pairs	0 strings	0 differ kern+mark	0 strings	0 differ 	/home/fsanches/compartilhado/sfd-reland-scratch/baseline/Lohit-Bengali-next/fonts/ttf/LohitBengali-Bengali.ttf
Lohit-Tamil	pairs	0 strings	0 differ kern+mark	0 strings	0 differ 	/home/fsanches/compartilhado/sfd-reland-scratch/baseline/Lohit-Tamil-next/fonts/ttf/LohitTamil-Tamil.ttf
Limelight-Regular	pairs	14416 strings	0 differ kern+mark	0 strings	0 differ 	/home/fsanches/compartilhado/sfd-reland-scratch/baseline/Limelight-Regular-next/fonts/ttf/Limelight-Regular.ttf
Lustria-Regular	pairs	14400 strings	0 differ kern+mark	0 strings	0 differ 	/home/fsanches/compartilhado/sfd-reland-scratch/baseline/Lustria-Regular-next/fonts/ttf/Lustria-Regular.ttf
LovedbytheKing	pairs	14401 strings	0 differ kern+mark	0 strings	0 differ 	/home/fsanches/compartilhado/sfd-reland-scratch/baseline/LovedbytheKing-next/fonts/ttf/LovedbytheKing-Regular.ttf
LoveYaLikeASister	pairs	14400 strings	0 differ kern+mark	0 strings	0 differ 	/home/fsanches/compartilhado/sfd-reland-scratch/baseline/LoveYaLikeASister-next/fonts/ttf/LoveYaLikeASister-Regular.ttf
Macondo-Regular	pairs	14401 strings	0 differ kern+mark	0 strings	0 differ 	/home/fsanches/compartilhado/sfd-reland-scratch/baseline/Macondo-Regular-next/fonts/ttf/Macondo-Regular.ttf
Magra-Regular	pairs	14401 strings	0 differ kern+mark	0 strings	0 differ 	/home/fsanches/compartilhado/sfd-reland-scratch/baseline/Magra-Regular-next/fonts/ttf/Magra-Regular.ttf
Marvel-BoldItalic	pairs	14401 strings	0 differ kern+mark	0 strings	0 differ 	/home/fsanches/compartilhado/sfd-reland-scratch/baseline/Marvel-BoldItalic-next/fonts/ttf/Marvel-BoldItalic.ttf
Magra-Bold	pairs	14401 strings	0 differ kern+mark	0 strings	0 differ 	/home/fsanches/compartilhado/sfd-reland-scratch/baseline/Magra-Bold-next/fonts/ttf/Magra-Bold.ttf
Marvel-Bold	pairs	14401 strings	0 differ kern+mark	0 strings	0 differ 	/home/fsanches/compartilhado/sfd-reland-scratch/baseline/Marvel-Bold-next/fonts/ttf/Marvel-Bold.ttf
Marvel-Italic	pairs	14401 strings	0 differ kern+mark	0 strings	0 differ 	/home/fsanches/compartilhado/sfd-reland-scratch/baseline/Marvel-Italic-next/fonts/ttf/Marvel-Italic.ttf
MedulaOne-Regular	pairs	14400 strings	0 differ kern+mark	0 strings	0 differ 	/home/fsanches/compartilhado/sfd-reland-scratch/baseline/MedulaOne-Regular-next/fonts/ttf/MedulaOne-Regular.ttf
Marvel-Regular	pairs	14401 strings	0 differ kern+mark	0 strings	0 differ 	/home/fsanches/compartilhado/sfd-reland-scratch/baseline/Marvel-Regular-next/fonts/ttf/Marvel-Regular.ttf
MeieScript-Regular	pairs	13924 strings	0 differ kern+mark	0 strings	0 differ 	/home/fsanches/compartilhado/sfd-reland-scratch/baseline/MeieScript-Regular-next/fonts/ttf/MeieScript-Regular.ttf
Megrim	pairs	14400 strings	0 differ kern+mark	0 strings	0 differ 	/home/fsanches/compartilhado/sfd-reland-scratch/baseline/Megrim-next/fonts/ttf/Megrim-Medium.ttf
MissFajardose-Regular	pairs	14400 strings	0 differ kern+mark	0 strings	0 differ 	/home/fsanches/compartilhado/sfd-reland-scratch/baseline/MissFajardose-Regular-next/fonts/ttf/MissFajardose-Regular.ttf
MergeOne-Regular	pairs	14400 strings	0 differ kern+mark	0 strings	0 differ 	/home/fsanches/compartilhado/sfd-reland-scratch/baseline/MergeOne-Regular-next/fonts/ttf/MergeOne-Regular.ttf
MonsieurLaDoulaise-Regular	pairs	14400 strings	0 differ kern+mark	0 strings	0 differ 	/home/fsanches/compartilhado/sfd-reland-scratch/baseline/MonsieurLaDoulaise-Regular-next/fonts/ttf/MonsieurLaDoulaise-Regular.ttf
MountainsofChristmas-Bold	pairs	14400 strings	0 differ kern+mark	0 strings	0 differ 	/home/fsanches/compartilhado/sfd-reland-scratch/baseline/MountainsofChristmas-Bold-next/fonts/ttf/MountainsofChristmas-Bold.ttf
MrBedfort-Regular	pairs	14400 strings	0 differ kern+mark	0 strings	0 differ 	/home/fsanches/compartilhado/sfd-reland-scratch/baseline/MrBedfort-Regular-next/fonts/ttf/MrBedfort-Regular.ttf
MountainsofChristmas-Regular	pairs	14400 strings	0 differ kern+mark	0 strings	0 differ 	/home/fsanches/compartilhado/sfd-reland-scratch/baseline/MountainsofChristmas-Regular-next/fonts/ttf/MountainsofChristmas-Regular.ttf
MrsSaintDelafield-Regular	pairs	14401 strings	0 differ kern+mark	0 strings	0 differ 	/home/fsanches/compartilhado/sfd-reland-scratch/baseline/MrsSaintDelafield-Regular-next/fonts/ttf/MrsSaintDelafield-Regular.ttf
MrDafoe-Regular	pairs	14400 strings	0 differ kern+mark	0 strings	0 differ 	/home/fsanches/compartilhado/sfd-reland-scratch/baseline/MrDafoe-Regular-next/fonts/ttf/MrDafoe-Regular.ttf
MrDeHaviland-Regular	pairs	14400 strings	0 differ kern+mark	0 strings	0 differ 	/home/fsanches/compartilhado/sfd-reland-scratch/baseline/MrDeHaviland-Regular-next/fonts/ttf/MrDeHaviland-Regular.ttf
Niconne-Regular	pairs	14401 strings	0 differ kern+mark	0 strings	0 differ 	/home/fsanches/compartilhado/sfd-reland-scratch/baseline/Niconne-Regular-next/fonts/ttf/Nicone-Regular.ttf
MrsSheppards-Regular	pairs	14401 strings	0 differ kern+mark	0 strings	0 differ 	/home/fsanches/compartilhado/sfd-reland-scratch/baseline/MrsSheppards-Regular-next/fonts/ttf/MrsSheppards-Regular.ttf
NothingYouCouldDo	pairs	14400 strings	0 differ kern+mark	0 strings	0 differ 	/home/fsanches/compartilhado/sfd-reland-scratch/baseline/NothingYouCouldDo-next/fonts/ttf/NothingYouCouldDo-Regular.ttf
Numans-Regular	pairs	14401 strings	0 differ kern+mark	0 strings	0 differ 	/home/fsanches/compartilhado/sfd-reland-scratch/baseline/Numans-Regular-next/fonts/ttf/Numans-Regular.ttf
OleoScript-Bold	pairs	14401 strings	0 differ kern+mark	0 strings	0 differ 	/home/fsanches/compartilhado/sfd-reland-scratch/baseline/OleoScript-Bold-next/fonts/ttf/OleoScript-Bold.ttf
OleoScriptSwashCaps-Bold	pairs	14401 strings	0 differ kern+mark	0 strings	0 differ 	/home/fsanches/compartilhado/sfd-reland-scratch/baseline/OleoScriptSwashCaps-Bold-next/fonts/ttf/OleoScriptSwashCaps-Bold.ttf
OleoScript-Regular	pairs	14401 strings	0 differ kern+mark	0 strings	0 differ 	/home/fsanches/compartilhado/sfd-reland-scratch/baseline/OleoScript-Regular-next/fonts/ttf/OleoScript-Regular.ttf
OleoScriptSwashCaps-Regular	pairs	14401 strings	0 differ kern+mark	0 strings	0 differ 	/home/fsanches/compartilhado/sfd-reland-scratch/baseline/OleoScriptSwashCaps-Regular-next/fonts/ttf/OleoScriptSwashCaps-Regular.ttf
Overlock-BlackItalic	pairs	14401 strings	0 differ kern+mark	0 strings	0 differ 	/home/fsanches/compartilhado/sfd-reland-scratch/baseline/Overlock-BlackItalic-next/fonts/ttf/Overlock-BlackItalic.ttf
Overlock-BoldItalic	pairs	14401 strings	0 differ kern+mark	0 strings	0 differ 	/home/fsanches/compartilhado/sfd-reland-scratch/baseline/Overlock-BoldItalic-next/fonts/ttf/Overlock-BoldItalic.ttf
Overlock-Black	pairs	14401 strings	0 differ kern+mark	0 strings	0 differ 	/home/fsanches/compartilhado/sfd-reland-scratch/baseline/Overlock-Black-next/fonts/ttf/Overlock-Black.ttf
Overlock-Italic	pairs	14401 strings	0 differ kern+mark	0 strings	0 differ 	/home/fsanches/compartilhado/sfd-reland-scratch/baseline/Overlock-Italic-next/fonts/ttf/Overlock-Italic.ttf
Overlock-Bold	pairs	14401 strings	0 differ kern+mark	0 strings	0 differ 	/home/fsanches/compartilhado/sfd-reland-scratch/baseline/Overlock-Bold-next/fonts/ttf/Overlock-Bold.ttf
OverlockSC-Regular	pairs	14401 strings	0 differ kern+mark	0 strings	0 differ 	/home/fsanches/compartilhado/sfd-reland-scratch/baseline/OverlockSC-Regular-next/fonts/ttf/OverlockSC-Regular.ttf
Overlock-Regular	pairs	14401 strings	0 differ kern+mark	0 strings	0 differ 	/home/fsanches/compartilhado/sfd-reland-scratch/baseline/Overlock-Regular-next/fonts/ttf/Overlock-Regular.ttf
OvertheRainbow	pairs	14400 strings	0 differ kern+mark	0 strings	0 differ 	/home/fsanches/compartilhado/sfd-reland-scratch/baseline/OvertheRainbow-next/fonts/ttf/OvertheRainbow-Regular.ttf
PassionOne-Black	pairs	14416 strings	0 differ kern+mark	0 strings	0 differ 	/home/fsanches/compartilhado/sfd-reland-scratch/baseline/PassionOne-Black-next/fonts/ttf/PassionOne-Black.ttf
PassionOne-Bold	pairs	14416 strings	0 differ kern+mark	0 strings	0 differ 	/home/fsanches/compartilhado/sfd-reland-scratch/baseline/PassionOne-Bold-next/fonts/ttf/PassionOne-Bold.ttf
PassionOne-Regular	pairs	14416 strings	0 differ kern+mark	0 strings	0 differ 	/home/fsanches/compartilhado/sfd-reland-scratch/baseline/PassionOne-Regular-next/fonts/ttf/PassionOne-Regular.ttf
PirataOne-Regular	pairs	14401 strings	0 differ kern+mark	0 strings	0 differ 	/home/fsanches/compartilhado/sfd-reland-scratch/baseline/PirataOne-Regular-next/fonts/ttf/PirataOne-Regular.ttf
PatuaOne-Regular	pairs	14400 strings	0 differ kern+mark	0 strings	0 differ 	/home/fsanches/compartilhado/sfd-reland-scratch/baseline/PatuaOne-Regular-next/fonts/ttf/PatuaOne-Regular.ttf
Piedra-Regular	pairs	14401 strings	0 differ kern+mark	0 strings	0 differ 	/home/fsanches/compartilhado/sfd-reland-scratch/baseline/Piedra-Regular-next/fonts/ttf/Piedra-Regular.ttf
Poly-Italic	pairs	14401 strings	0 differ kern+mark	0 strings	0 differ 	/home/fsanches/compartilhado/sfd-reland-scratch/baseline/Poly-Italic-next/fonts/ttf/Poly-Italic.ttf
Poly-Regular	pairs	14401 strings	0 differ kern+mark	2 strings	2 differ 	/home/fsanches/compartilhado/sfd-reland-scratch/baseline/Poly-Regular-next/fonts/ttf/Poly-Regular.ttf
PortLligatSans-Regular	pairs	14401 strings	0 differ kern+mark	0 strings	0 differ 	/home/fsanches/compartilhado/sfd-reland-scratch/baseline/PortLligatSans-Regular-next/fonts/ttf/PortLligatSans-Regular.ttf
Quantico-BoldItalic	pairs	14400 strings	0 differ kern+mark	0 strings	0 differ 	/home/fsanches/compartilhado/sfd-reland-scratch/baseline/Quantico-BoldItalic-next/fonts/ttf/Quantico-BoldItalic.ttf
PortLligatSlab-Regular	pairs	14401 strings	0 differ kern+mark	0 strings	0 differ 	/home/fsanches/compartilhado/sfd-reland-scratch/baseline/PortLligatSlab-Regular-next/fonts/ttf/PortLligatSlab-Regular.ttf
Quantico-Bold	pairs	14400 strings	0 differ kern+mark	0 strings	0 differ 	/home/fsanches/compartilhado/sfd-reland-scratch/baseline/Quantico-Bold-next/fonts/ttf/Quantico-Bold.ttf
Quantico-Regular	pairs	14400 strings	0 differ kern+mark	0 strings	0 differ 	/home/fsanches/compartilhado/sfd-reland-scratch/baseline/Quantico-Regular-next/fonts/ttf/Quantico-Regular.ttf
Quantico-Italic	pairs	14400 strings	0 differ kern+mark	0 strings	0 differ 	/home/fsanches/compartilhado/sfd-reland-scratch/baseline/Quantico-Italic-next/fonts/ttf/Quantico-Italic.ttf
Rambla-BoldItalic	pairs	14400 strings	0 differ kern+mark	0 strings	0 differ 	/home/fsanches/compartilhado/sfd-reland-scratch/baseline/Rambla-BoldItalic-next/fonts/ttf/Rambla-BoldItalic.ttf
Rambla-Bold	pairs	14400 strings	0 differ kern+mark	0 strings	0 differ 	/home/fsanches/compartilhado/sfd-reland-scratch/baseline/Rambla-Bold-next/fonts/ttf/Rambla-Bold.ttf
Rambla-Italic	pairs	14400 strings	0 differ kern+mark	0 strings	0 differ 	/home/fsanches/compartilhado/sfd-reland-scratch/baseline/Rambla-Italic-next/fonts/ttf/Rambla-Italic.ttf
Rambla-Regular	pairs	14400 strings	0 differ kern+mark	0 strings	0 differ 	/home/fsanches/compartilhado/sfd-reland-scratch/baseline/Rambla-Regular-next/fonts/ttf/Rambla-Regular.ttf
Revalia-Regular	pairs	13924 strings	0 differ kern+mark	0 strings	0 differ 	/home/fsanches/compartilhado/sfd-reland-scratch/baseline/Revalia-Regular-next/fonts/ttf/Revalia-Regular.ttf
RibeyeMarrow-Regular	pairs	14401 strings	0 differ kern+mark	0 strings	0 differ 	/home/fsanches/compartilhado/sfd-reland-scratch/baseline/RibeyeMarrow-Regular-next/fonts/ttf/RibeyeMarrow-Regular.ttf
Rochester-Regular	pairs	14400 strings	0 differ kern+mark	0 strings	0 differ 	/home/fsanches/compartilhado/sfd-reland-scratch/baseline/Rochester-Regular-next/fonts/ttf/Rochester-Regular.ttf
RougeScript-Regular	pairs	14401 strings	0 differ kern+mark	0 strings	0 differ 	/home/fsanches/compartilhado/sfd-reland-scratch/baseline/RougeScript-Regular-next/fonts/ttf/RougeScript-Regular.ttf
Rosarivo-Italic	pairs	14401 strings	0 differ kern+mark	0 strings	0 differ 	/home/fsanches/compartilhado/sfd-reland-scratch/baseline/Rosarivo-Italic-next/fonts/ttf/Rosarivo-Italic.ttf
Rosarivo-Regular	pairs	14400 strings	0 differ kern+mark	0 strings	0 differ 	/home/fsanches/compartilhado/sfd-reland-scratch/baseline/Rosarivo-Regular-next/fonts/ttf/Rosarivo-Regular.ttf
Rufina-Bold	pairs	14401 strings	0 differ kern+mark	0 strings	0 differ 	/home/fsanches/compartilhado/sfd-reland-scratch/baseline/Rufina-Bold-next/fonts/ttf/Rufina-Bold.ttf
Rufina-Regular	pairs	14401 strings	0 differ kern+mark	0 strings	0 differ 	/home/fsanches/compartilhado/sfd-reland-scratch/baseline/Rufina-Regular-next/fonts/ttf/Rufina-Regular.ttf
Salsa-Regular	pairs	14400 strings	0 differ kern+mark	285 strings	246 differ 	/home/fsanches/compartilhado/sfd-reland-scratch/baseline/Salsa-Regular-next/fonts/ttf/Salsa-Regular.ttf
Sanchez-Italic	pairs	14400 strings	0 differ kern+mark	0 strings	0 differ 	/home/fsanches/compartilhado/sfd-reland-scratch/baseline/Sanchez-Italic-next/fonts/ttf/Sanchez-Italic.ttf
Sail-Regular	pairs	14400 strings	0 differ kern+mark	0 strings	0 differ 	/home/fsanches/compartilhado/sfd-reland-scratch/baseline/Sail-Regular-next/fonts/ttf/Sail-Regular.ttf
Ruluko-Regular	pairs	14401 strings	0 differ kern+mark	0 strings	0 differ 	/home/fsanches/compartilhado/sfd-reland-scratch/baseline/Ruluko-Regular-next/fonts/ttf/Ruluko-Regular.ttf
Sanchez-Regular	pairs	14400 strings	0 differ kern+mark	0 strings	0 differ 	/home/fsanches/compartilhado/sfd-reland-scratch/baseline/Sanchez-Regular-next/fonts/ttf/Sanchez-Regular.ttf
Smokum-Regular	pairs	14401 strings	0 differ kern+mark	0 strings	0 differ 	/home/fsanches/compartilhado/sfd-reland-scratch/baseline/Smokum-Regular-next/fonts/ttf/Smokum-Regular.ttf
Spirax-Regular	pairs	14400 strings	0 differ kern+mark	0 strings	0 differ 	/home/fsanches/compartilhado/sfd-reland-scratch/baseline/Spirax-Regular-next/fonts/ttf/Spirax-Regular.ttf
SquadaOne-Regular	pairs	12997 strings	0 differ kern+mark	0 strings	0 differ 	/home/fsanches/compartilhado/sfd-reland-scratch/baseline/SquadaOne-Regular-next/fonts/ttf/SquadaOne-Regular.ttf
SwankyandMooMoo	pairs	14400 strings	0 differ kern+mark	0 strings	0 differ 	/home/fsanches/compartilhado/sfd-reland-scratch/baseline/SwankyandMooMoo-next/fonts/ttf/SwankyandMooMoo-Regular.ttf
TextMeOne-Regular	pairs	14401 strings	0 differ kern+mark	0 strings	0 differ 	/home/fsanches/compartilhado/sfd-reland-scratch/baseline/TextMeOne-Regular-next/fonts/ttf/TextMeOne-Regular.ttf
Thabit-Bold	pairs	14400 strings	7162 differ kern+mark	0 strings	0 differ 	/home/fsanches/compartilhado/sfd-reland-scratch/baseline/Thabit-Bold-next/fonts/ttf/Bold-Bold.ttf
TheGirlNextDoor	pairs	14400 strings	0 differ kern+mark	0 strings	0 differ 	/home/fsanches/compartilhado/sfd-reland-scratch/baseline/TheGirlNextDoor-next/fonts/ttf/TheGirlNextDoor-Regular.ttf
Thabit	pairs	14400 strings	7162 differ kern+mark	0 strings	0 differ 	/home/fsanches/compartilhado/sfd-reland-scratch/baseline/Thabit-next/fonts/ttf/Regular-Medium.ttf
TitanOne-Regular	pairs	14401 strings	0 differ kern+mark	0 strings	0 differ 	/home/fsanches/compartilhado/sfd-reland-scratch/baseline/TitanOne-Regular-next/fonts/ttf/TitanOne-Regular.ttf
TitilliumWeb-Black	pairs	14401 strings	0 differ kern+mark	0 strings	0 differ 	/home/fsanches/compartilhado/sfd-reland-scratch/baseline/TitilliumWeb-Black-next/fonts/ttf/TitilliumWeb-Black.ttf
TitilliumWeb-BoldItalic	pairs	14401 strings	0 differ kern+mark	0 strings	0 differ 	/home/fsanches/compartilhado/sfd-reland-scratch/baseline/TitilliumWeb-BoldItalic-next/fonts/ttf/TitilliumWeb-BoldItalic.ttf
TitilliumWeb-Italic	pairs	14401 strings	0 differ kern+mark	0 strings	0 differ 	/home/fsanches/compartilhado/sfd-reland-scratch/baseline/TitilliumWeb-Italic-next/fonts/ttf/TitilliumWeb-Italic.ttf
TitilliumWeb-LightItalic	pairs	14401 strings	0 differ kern+mark	0 strings	0 differ 	/home/fsanches/compartilhado/sfd-reland-scratch/baseline/TitilliumWeb-LightItalic-next/fonts/ttf/TitilliumWeb-LightItalic.ttf
TitilliumWeb-Bold	pairs	14401 strings	0 differ kern+mark	0 strings	0 differ 	/home/fsanches/compartilhado/sfd-reland-scratch/baseline/TitilliumWeb-Bold-next/fonts/ttf/TitilliumWeb-Bold.ttf
TitilliumWeb-Regular	pairs	14401 strings	0 differ kern+mark	0 strings	0 differ 	/home/fsanches/compartilhado/sfd-reland-scratch/baseline/TitilliumWeb-Regular-next/fonts/ttf/TitilliumWeb-Regular.ttf
TitilliumWeb-Light	pairs	14401 strings	0 differ kern+mark	0 strings	0 differ 	/home/fsanches/compartilhado/sfd-reland-scratch/baseline/TitilliumWeb-Light-next/fonts/ttf/TitilliumWeb-Light.ttf
TitilliumWeb-SemiBoldItalic	pairs	14401 strings	0 differ kern+mark	0 strings	0 differ 	/home/fsanches/compartilhado/sfd-reland-scratch/baseline/TitilliumWeb-SemiBoldItalic-next/fonts/ttf/TitilliumWeb-SemiBoldItalic.ttf
Trochut-Bold	pairs	14400 strings	0 differ kern+mark	0 strings	0 differ 	/home/fsanches/compartilhado/sfd-reland-scratch/baseline/Trochut-Bold-next/fonts/ttf/Trochut-Bold.ttf
Trochut-Regular	pairs	14400 strings	0 differ kern+mark	0 strings	0 differ 	/home/fsanches/compartilhado/sfd-reland-scratch/baseline/Trochut-Regular-next/fonts/ttf/Trochut-Regular.ttf
TitilliumWeb-SemiBold	pairs	14401 strings	0 differ kern+mark	0 strings	0 differ 	/home/fsanches/compartilhado/sfd-reland-scratch/baseline/TitilliumWeb-SemiBold-next/fonts/ttf/TitilliumWeb-SemiBold.ttf
Trochut-Italic	pairs	14400 strings	0 differ kern+mark	0 strings	0 differ 	/home/fsanches/compartilhado/sfd-reland-scratch/baseline/Trochut-Italic-next/fonts/ttf/Trochut-Italic.ttf
Viga-Regular	pairs	14416 strings	0 differ kern+mark	0 strings	0 differ 	/home/fsanches/compartilhado/sfd-reland-scratch/baseline/Viga-Regular-next/fonts/ttf/Viga-Regular.ttf
Varela-Regular	pairs	14404 strings	0 differ kern+mark	4 strings	4 differ 	/home/fsanches/compartilhado/sfd-reland-scratch/baseline/Varela-Regular-next/fonts/ttf/Varela-Regular.ttf
Ultra-Regular	pairs	14401 strings	260 differ kern+mark	0 strings	0 differ 	/home/fsanches/compartilhado/sfd-reland-scratch/baseline/Ultra-Regular-next/fonts/ttf/Ultra-Black.ttf
WendyOne-Regular	pairs	14400 strings	0 differ kern+mark	0 strings	0 differ 	/home/fsanches/compartilhado/sfd-reland-scratch/baseline/WendyOne-Regular-next/fonts/ttf/WendyOne-Regular.ttf
Wallpoet-Regular	pairs	14401 strings	0 differ kern+mark	0 strings	0 differ 	/home/fsanches/compartilhado/sfd-reland-scratch/baseline/Wallpoet-Regular-next/fonts/ttf/Wallpoet-Regular.ttf
CreepsterCaps-Regular	pairs	14400 strings	0 differ kern+mark	0 strings	0 differ 	/home/fsanches/compartilhado/sfd-reland-scratch/emptygpos/baseline/CreepsterCaps-Regular-first/fonts/ttf/CreepsterCaps-Regular.ttf
Lekton-Bold	pairs	14416 strings	0 differ kern+mark	0 strings	0 differ 	/home/fsanches/compartilhado/sfd-reland-scratch/emptygpos/baseline/Lekton-Bold-first/fonts/ttf/Lekton-Bold.ttf
HerrVonMuellerhoff-Regular	pairs	14400 strings	0 differ kern+mark	0 strings	0 differ 	/home/fsanches/compartilhado/sfd-reland-scratch/emptygpos/baseline/HerrVonMuellerhoff-Regular-first/fonts/ttf/HerrVonMuellerhoff-Regular.ttf
Kristi-Regular	pairs	13226 strings	0 differ kern+mark	0 strings	0 differ 	/home/fsanches/compartilhado/sfd-reland-scratch/emptygpos/baseline/Kristi-Regular-first/fonts/ttf/Kristi-Regular.ttf
Lekton-Italic	pairs	12321 strings	0 differ kern+mark	0 strings	0 differ 	/home/fsanches/compartilhado/sfd-reland-scratch/emptygpos/baseline/Lekton-Italic-first/fonts/ttf/Lekton-Italic.ttf
Lekton-Regular	pairs	14416 strings	0 differ kern+mark	0 strings	0 differ 	/home/fsanches/compartilhado/sfd-reland-scratch/emptygpos/baseline/Lekton-Regular-first/fonts/ttf/Lekton-Regular.ttf
Monoton-Regular	pairs	14409 strings	0 differ kern+mark	0 strings	0 differ 	/home/fsanches/compartilhado/sfd-reland-scratch/emptygpos/baseline/Monoton-Regular-first/fonts/ttf/Monoton-Regular.ttf
NixieOne-Regular	pairs	14400 strings	0 differ kern+mark	0 strings	0 differ 	/home/fsanches/compartilhado/sfd-reland-scratch/emptygpos/baseline/NixieOne-Regular-first/fonts/ttf/NixieOne-Regular.ttf
NovaFlat	pairs	14436 strings	0 differ kern+mark	0 strings	0 differ 	/home/fsanches/compartilhado/sfd-reland-scratch/emptygpos/baseline/NovaFlat-first/fonts/ttf/NovaFlat-Regular.ttf
NovaCut	pairs	14436 strings	0 differ kern+mark	0 strings	0 differ 	/home/fsanches/compartilhado/sfd-reland-scratch/emptygpos/baseline/NovaCut-first/fonts/ttf/NovaCut-Regular.ttf
NovaOval	pairs	14436 strings	0 differ kern+mark	0 strings	0 differ 	/home/fsanches/compartilhado/sfd-reland-scratch/emptygpos/baseline/NovaOval-first/fonts/ttf/NovaOval-Regular.ttf
NosiferCaps-Regular	pairs	14400 strings	0 differ kern+mark	0 strings	0 differ 	/home/fsanches/compartilhado/sfd-reland-scratch/emptygpos/baseline/NosiferCaps-Regular-first/fonts/ttf/NosiferCaps-Regular.ttf
NovaScript-Regular	pairs	14436 strings	0 differ kern+mark	0 strings	0 differ 	/home/fsanches/compartilhado/sfd-reland-scratch/emptygpos/baseline/NovaScript-Regular-first/fonts/ttf/NovaScript-Regular.ttf
NovaSlim	pairs	14436 strings	0 differ kern+mark	0 strings	0 differ 	/home/fsanches/compartilhado/sfd-reland-scratch/emptygpos/baseline/NovaSlim-first/fonts/ttf/NovaSlim-Regular.ttf
NovaRound	pairs	14436 strings	0 differ kern+mark	0 strings	0 differ 	/home/fsanches/compartilhado/sfd-reland-scratch/emptygpos/baseline/NovaRound-first/fonts/ttf/NovaRound-Regular.ttf
NovaSquare	pairs	14436 strings	0 differ kern+mark	0 strings	0 differ 	/home/fsanches/compartilhado/sfd-reland-scratch/emptygpos/baseline/NovaSquare-first/fonts/ttf/NovaSquare-Regular.ttf
PatrickHand-Regular	pairs	14416 strings	0 differ kern+mark	8 strings	0 differ 	/home/fsanches/compartilhado/sfd-reland-scratch/emptygpos/baseline/PatrickHand-Regular-first/fonts/ttf/PatrickHand-Regular.ttf
SixCaps	pairs	14417 strings	0 differ kern+mark	0 strings	0 differ 	/home/fsanches/compartilhado/sfd-reland-scratch/emptygpos/baseline/SixCaps-first/fonts/ttf/SixCaps-Regular.ttf
RussoOne-Regular	pairs	23237 strings	0 differ kern+mark	0 strings	0 differ 	/home/fsanches/compartilhado/sfd-reland-scratch/emptygpos/baseline/RussoOne-Regular-first/fonts/ttf/RussoOne-Regular.ttf
Smythe-Regular	pairs	14400 strings	0 differ kern+mark	0 strings	0 differ 	/home/fsanches/compartilhado/sfd-reland-scratch/emptygpos/baseline/Smythe-Regular-first/fonts/ttf/Smythe-Regular.ttf
