Italiana-Regular	0	0
Cardo-Italic	10	11
KeaniaOne-Regular	0	0
KottaOne-Regular	1	1
KellySlab-Regular	0	0
Ledger-Regular	2	2
LilitaOne-Regular	2	2
Limelight-Regular	5	5
Cardo-Bold	2	1
LovedbytheKing	0	0
Lohit-Tamil	8	13
Lustria-Regular	2	2
LoveYaLikeASister	0	0
Macondo-Regular	1	1
Magra-Bold	3	3
Magra-Regular	0	0
Marvel-BoldItalic	1	1
Marvel-Bold	1	1
Marvel-Italic	0	0
Lohit-Bengali	1	1
Marvel-Regular	0	0
Megrim	4	4
MedulaOne-Regular	0	0
MeieScript-Regular	0	0
MergeOne-Regular	1	1
MonsieurLaDoulaise-Regular	0	0
MissFajardose-Regular	0	0
MrBedfort-Regular	0	0
MrDafoe-Regular	0	0
MountainsofChristmas-Bold	4	4
MountainsofChristmas-Regular	0	0
MrsSaintDelafield-Regular	0	0
MrDeHaviland-Regular	0	0
Niconne-Regular	0	0
MrsSheppards-Regular	0	0
Numans-Regular	0	0
NothingYouCouldDo	2	2
OleoScript-Bold	3	3
OleoScriptSwashCaps-Bold	3	3
OleoScript-Regular	2	2
OleoScriptSwashCaps-Regular	1	1
Overlock-BlackItalic	1	1
Overlock-Black	1	1
Overlock-BoldItalic	1	1
Overlock-Bold	1	1
Overlock-Italic	0	0
OverlockSC-Regular	0	0
Overlock-Regular	0	0
OvertheRainbow	0	0
PassionOne-Bold	1	1
PassionOne-Black	1	1
PassionOne-Regular	0	0
PatuaOne-Regular	0	0
Piedra-Regular	0	0
PirataOne-Regular	0	0
PortLligatSans-Regular	0	0
Poly-Regular	0	0
Poly-Italic	3	3
Quantico-BoldItalic	1	1
Quantico-Bold	1	1
PortLligatSlab-Regular	0	0
Quantico-Regular	0	0
Quantico-Italic	0	0
Rambla-BoldItalic	3	3
Rambla-Bold	3	3
Rambla-Italic	0	0
Rambla-Regular	0	0
Revalia-Regular	0	0
Rochester-Regular	0	0
Rosarivo-Italic	1	1
RibeyeMarrow-Regular	2	2
Rosarivo-Regular	0	0
RougeScript-Regular	0	0
Rufina-Bold	1	1
Sail-Regular	1	1
Rufina-Regular	0	0
Ruluko-Regular	0	0
Sanchez-Italic	0	0
Sanchez-Regular	0	0
Salsa-Regular	0	0
SquadaOne-Regular	0	0
Smokum-Regular	3	3
SwankyandMooMoo	0	0
Spirax-Regular	0	0
TextMeOne-Regular	1	1
Thabit-Bold	465	465
Thabit	465	465
TheGirlNextDoor	0	0
TitanOne-Regular	0	0
TitilliumWeb-BoldItalic	2	2
TitilliumWeb-Black	2	2
TitilliumWeb-Bold	2	2
TitilliumWeb-Italic	1	1
TitilliumWeb-LightItalic	2	2
TitilliumWeb-Regular	1	1
TitilliumWeb-Light	2	2
Trochut-Bold	1	1
Trochut-Italic	0	0
TitilliumWeb-SemiBoldItalic	2	2
Ultra-Regular	3	3
Trochut-Regular	0	0
Viga-Regular	0	0
TitilliumWeb-SemiBold	2	2
Wallpoet-Regular	1	1
WendyOne-Regular	0	0
Varela-Regular	6	6
