repo	style	old_verdict	new_verdict	old_table	new_table	old_fails	new_fails
comicrelief	ComicRelief-Bold	PASS	PASS	0	0	-	-
comicrelief	ComicRelief-Regular	PASS	PASS	0	0	-	-
corben	Corben-Bold	FAIL(rendering)	FAIL(rendering)	0	0	rendering	rendering
corben	Corben-Regular	PASS	PASS	0	0	-	-
kristi	Kristi-Regular	FAIL(names+line_spacing)	FAIL(names+line_spacing)	0	0	line_spacing+names	line_spacing+names
ledger	Ledger-Regular	PASS	PASS	0	0	-	-
magra	Magra-Bold	PASS	PASS	0	0	-	-
magra	Magra-Regular	PASS	PASS	0	0	-	-
nosifer	Nosifer-Regular	FAIL(shaping+rendering)	FAIL(shaping+rendering)	0	0	rendering+shaping	rendering+shaping
nosifercaps	NosiferCaps-Regular	FAIL(line_spacing)	FAIL(line_spacing)	0	0	line_spacing	line_spacing
novamono	NovaMono	FAIL(shaping)	FAIL(shaping)	0	0	shaping	shaping
sail	Sail-Regular	PASS	PASS	0	0	-	-
thabit	Thabit	PASS	PASS	2	2	-	-
thabit	Thabit-Bold	PASS	PASS	2	2	-	-
thabit	Thabit-BoldOblique	FAIL(line_spacing)	FAIL(line_spacing)	2	2	line_spacing	line_spacing
thabit	Thabit-Oblique	FAIL(line_spacing)	FAIL(line_spacing)	2	2	line_spacing	line_spacing
tuffy	Tuffy-Bold	PASS	PASS	0	0	-	-
tuffy	Tuffy-BoldItalic	PASS	PASS	0	0	-	-
tuffy	Tuffy-Italic	PASS	PASS	0	0	-	-
tuffy	Tuffy-Regular	PASS	PASS	0	0	-	-
