abrilfatface	modernize-sfd-to-glyphs	3d8670a	13	RESIDUAL-UNPUBLISHED-CONVERTER	AbrilFatface-Regular=0 functional=FAIL(names)
allerta	add-allerta-stencil	18caac3	17	CLEAN-UNPUBLISHED-CONVERTER	AllertaStencil-Regular=0 functional=PASS
comicrelief	modernize-sfd-to-glyphs	da767e2	56	RESIDUAL-UNPUBLISHED-CONVERTER	ComicRelief-Regular=1 functional=FAIL(rendering+names+line_spacing+gdef); ComicRelief-Bold=1 functional=FAIL(rendering+names+line_spacing+gdef)
corben	modernize-sfd-to-glyphs	788bbd4	18	RESIDUAL-UNPUBLISHED-CONVERTER	Corben-Regular=0 functional=FAIL(shaping+rendering+names+advances+gdef); Corben-Bold=0 functional=FAIL(rendering)
creepstercaps	main	ee4e14b	3	CLEAN-UNPUBLISHED-CONVERTER	CreepsterCaps-Regular=0 functional=PASS
herrvonmuellerhoff	main	12455ba	3	CLEAN-UNPUBLISHED-CONVERTER	HerrVonMuellerhoff-Regular=0 functional=PASS
kristi	main	1586df3	3	RESIDUAL-UNPUBLISHED-CONVERTER	Kristi-Regular=0 functional=FAIL(rendering+names+line_spacing+advances)
lekton	main	9bcbbf9	3	RESIDUAL-UNPUBLISHED-CONVERTER	Lekton-Bold=0 functional=FAIL(names+line_spacing); Lekton-Italic=0 functional=FAIL(names+line_spacing); Lekton-Regular=0 functional=FAIL(names+line_spacing)
miama	main	ae27264	3	RESIDUAL-UNPUBLISHED-CONVERTER	Miama-Regular=0 functional=FAIL(shaping+rendering+names)
monoton	main	3d463e1	3	RESIDUAL-UNPUBLISHED-CONVERTER	Monoton-Regular=0 functional=FAIL(shaping+names+gdef)
nixieone	main	fdcd466	3	RESIDUAL-UNPUBLISHED-CONVERTER	NixieOne-Regular=0 functional=FAIL(rendering+names)
nosifer	main	114b2cd	4	RESIDUAL-UNPUBLISHED-CONVERTER	Nosifer-Regular=0 functional=FAIL(shaping+rendering+names+advances)
nosifercaps	main	20588bd	3	RESIDUAL-UNPUBLISHED-CONVERTER	NosiferCaps-Regular=0 functional=FAIL(shaping+rendering+line_spacing+advances+gdef)
novacut	main	f7bac6d	3	RESIDUAL-UNPUBLISHED-CONVERTER	NovaCut=0 functional=FAIL(names)
novaflat	main	09d98c1	3	RESIDUAL-UNPUBLISHED-CONVERTER	NovaFlat=0 functional=FAIL(names)
novamono	main	f8ddaad	3	RESIDUAL-UNPUBLISHED-CONVERTER	NovaMono=0 functional=FAIL(shaping+rendering+names+advances+gdef)
novaoval	main	481fca3	3	RESIDUAL-UNPUBLISHED-CONVERTER	NovaOval=0 functional=FAIL(names)
novaround	main	605bd77	3	RESIDUAL-UNPUBLISHED-CONVERTER	NovaRound=0 functional=FAIL(names)
novascript	main	1c566ce	3	RESIDUAL-UNPUBLISHED-CONVERTER	NovaScript-Regular=0 functional=FAIL(names+line_spacing)
novaslim	main	0c12096	3	RESIDUAL-UNPUBLISHED-CONVERTER	NovaSlim=0 functional=FAIL(names)
novasquare	main	692611c	3	RESIDUAL-UNPUBLISHED-CONVERTER	NovaSquare=0 functional=FAIL(names)
patrickhand	main	feff7dd	4	RESIDUAL-UNPUBLISHED-CONVERTER	PatrickHand-Regular=0 functional=FAIL(names+line_spacing+gdef)
play	main	d29da3e	3	RESIDUAL-UNPUBLISHED-CONVERTER	Play-Bold=365 functional=FAIL(cmap+shaping+rendering+line_spacing+advances+gdef); Play-Regular=353 functional=FAIL(cmap+shaping+rendering+line_spacing+advances+gdef)
puritan	main	7a8541c	6	RESIDUAL-UNPUBLISHED-CONVERTER	Puritan-Bold=0 functional=PASS; Puritan-BoldItalic=0 functional=FAIL(names); Puritan-Italic=0 functional=PASS; Puritan-Regular=0 functional=PASS
russoone	main	e1ef606	4	RESIDUAL-UNPUBLISHED-CONVERTER	RussoOne-Regular=0 functional=FAIL(names)
sixcaps	main	28d4eba	3	RESIDUAL-UNPUBLISHED-CONVERTER	SixCaps=0 functional=FAIL(names)
smythe	main	52135df	3	RESIDUAL-UNPUBLISHED-CONVERTER	Smythe-Regular=0 functional=FAIL(shaping+names+gdef)
tuffy	main	c65688d	3	RESIDUAL-UNPUBLISHED-CONVERTER	Tuffy-Bold=0 functional=FAIL(shaping+gdef); Tuffy-BoldItalic=0 functional=FAIL(shaping+names+gdef); Tuffy-Italic=27 functional=FAIL(cmap+shaping+rendering+names+line_spacing+advances+gdef); Tuffy-Regular=68 functional=FAIL(cmap+shaping+rendering+names+line_spacing+advances+gdef)
tulpenone	main	9445747	3	RESIDUAL-UNPUBLISHED-CONVERTER	TulpenOne-Regular=0 functional=FAIL(names)
unifraktur	main	c6b7e4e	3	RESIDUAL-UNPUBLISHED-CONVERTER	UnifrakturMaguntia-Book=5 functional=FAIL(shaping+names+line_spacing+gdef)
unifrakturcook	main	cbdf0e1	3	RESIDUAL-UNPUBLISHED-CONVERTER	UnifrakturCook-Bold=0 functional=FAIL(shaping+names+gdef)
cardo	modernize-sfd-to-glyphs	d0a9d72	3	RESIDUAL-UNPUBLISHED-CONVERTER	Cardo-Bold=BUILD functional=-; Cardo-Italic=10 functional=FAIL(shaping+advances+gdef); Cardo-Regular=BUILD functional=-
italiana	main	bf12dcf	3	RESIDUAL-UNPUBLISHED-CONVERTER	Italiana-Regular=0 functional=FAIL(shaping+rendering+names)
keaniaone	main	3ee1d47	3	RESIDUAL-UNPUBLISHED-CONVERTER	KeaniaOne-Regular=0 functional=FAIL(names)
kellyslab	main	0f98297	3	RESIDUAL-UNPUBLISHED-CONVERTER	KellySlab-Regular=0 functional=FAIL(names)
kottaone	main	8ccfe3a	3	RESIDUAL-UNPUBLISHED-CONVERTER	KottaOne-Regular=0 functional=FAIL(shaping+names+gdef)
ledger	main	526a6ad	3	RESIDUAL-UNPUBLISHED-CONVERTER	Ledger-Regular=2 functional=FAIL(shaping+names+line_spacing+advances)
lilitaone	main	0923ecc	3	RESIDUAL-UNPUBLISHED-CONVERTER	LilitaOne-Regular=2 functional=FAIL(names+line_spacing)
limelight	main	d200835	3	RESIDUAL-UNPUBLISHED-CONVERTER	Limelight-Regular=5 functional=FAIL(rendering+line_spacing)
lohitbengali	modernize-sfd-to-glyphs	704a185	272	RESIDUAL-UNPUBLISHED-CONVERTER	Lohit-Bengali=1 functional=FAIL(shaping+rendering+names+line_spacing)
lohittamil	modernize-sfd-to-glyphs	e3fc74a	272	RESIDUAL-UNPUBLISHED-CONVERTER	Lohit-Tamil=8 functional=FAIL(shaping+rendering+names+line_spacing+advances)
lovedbytheking	main	c5797b0	3	RESIDUAL-UNPUBLISHED-CONVERTER	LovedbytheKing=0 functional=FAIL(names)
loveyalikeasister	main	b83b899	3	CLEAN-UNPUBLISHED-CONVERTER	LoveYaLikeASister=0 functional=PASS
lustria	main	a500111	3	RESIDUAL-UNPUBLISHED-CONVERTER	Lustria-Regular=2 functional=FAIL(shaping+names+line_spacing+gdef)
macondo	main	1c4ad59	3	RESIDUAL-UNPUBLISHED-CONVERTER	Macondo-Regular=0 functional=FAIL(shaping+names+gdef)
magra	main	9a70c2f	3	RESIDUAL-UNPUBLISHED-CONVERTER	Magra-Bold=2 functional=FAIL(line_spacing); Magra-Regular=0 functional=FAIL(names)
marvel	main	59af79c	3	RESIDUAL-UNPUBLISHED-CONVERTER	Marvel-Bold=0 functional=PASS; Marvel-BoldItalic=0 functional=PASS; Marvel-Italic=0 functional=PASS; Marvel-Regular=0 functional=FAIL(names)
medulaone	main	4fcda2d	3	RESIDUAL-UNPUBLISHED-CONVERTER	MedulaOne-Regular=0 functional=FAIL(names)
megrim	main	cf4f0ef	3	RESIDUAL-UNPUBLISHED-CONVERTER	Megrim=3 functional=FAIL(shaping+names+line_spacing)
meiescript	main	8f3631d	3	RESIDUAL-UNPUBLISHED-CONVERTER	MeieScript-Regular=0 functional=FAIL(names)
mergeone	main	6ca3c90	3	RESIDUAL-UNPUBLISHED-CONVERTER	MergeOne-Regular=1 functional=FAIL(names+line_spacing)
missfajardose	main	59f3d63	3	CLEAN-UNPUBLISHED-CONVERTER	MissFajardose-Regular=0 functional=PASS
monsieurladoulaise	main	57438c9	3	CLEAN-UNPUBLISHED-CONVERTER	MonsieurLaDoulaise-Regular=0 functional=PASS
mountainsofchristmas	main	90cc427	3	RESIDUAL-UNPUBLISHED-CONVERTER	MountainsofChristmas-Bold=3 functional=FAIL(line_spacing); MountainsofChristmas-Regular=0 functional=PASS
mrbedfort	main	4b86804	3	RESIDUAL-UNPUBLISHED-CONVERTER	MrBedfort-Regular=0 functional=FAIL(rendering+names)
mrdafoe	main	887bcf3	3	CLEAN-UNPUBLISHED-CONVERTER	MrDafoe-Regular=0 functional=PASS
mrdehaviland	main	9d09bb6	3	CLEAN-UNPUBLISHED-CONVERTER	MrDeHaviland-Regular=0 functional=PASS
mrssaintdelafield	main	b0ff9f8	3	RESIDUAL-UNPUBLISHED-CONVERTER	MrsSaintDelafield-Regular=0 functional=FAIL(names)
mrssheppards	main	3951c96	3	CLEAN-UNPUBLISHED-CONVERTER	MrsSheppards-Regular=0 functional=PASS
niconne	main	9d31be4	3	RESIDUAL-UNPUBLISHED-CONVERTER	Niconne-Regular=0 functional=FAIL(shaping+rendering+names+gdef)
nothingyoucoulddo	main	69107a0	3	RESIDUAL-UNPUBLISHED-CONVERTER	NothingYouCouldDo=2 functional=FAIL(names+line_spacing)
numans	main	94ee277	3	RESIDUAL-UNPUBLISHED-CONVERTER	Numans-Regular=0 functional=FAIL(names)
oleoscript	main	b530764	3	RESIDUAL-UNPUBLISHED-CONVERTER	OleoScript-Bold=2 functional=FAIL(shaping+line_spacing+gdef); OleoScript-Regular=2 functional=FAIL(shaping+names+line_spacing+gdef)
oleoscriptswashcaps	main	2d8ab9b	3	RESIDUAL-UNPUBLISHED-CONVERTER	OleoScriptSwashCaps-Bold=2 functional=FAIL(shaping+line_spacing+gdef); OleoScriptSwashCaps-Regular=1 functional=FAIL(shaping+names+line_spacing+gdef)
overlock	main	16a3cc5	3	RESIDUAL-UNPUBLISHED-CONVERTER	Overlock-Black=0 functional=PASS; Overlock-BlackItalic=0 functional=FAIL(names+line_spacing); Overlock-Bold=0 functional=PASS; Overlock-BoldItalic=0 functional=PASS; Overlock-Italic=0 functional=PASS; Overlock-Regular=0 functional=PASS
overlocksc	main	867fbd9	3	RESIDUAL-UNPUBLISHED-CONVERTER	OverlockSC-Regular=0 functional=FAIL(names)
overtherainbow	main	7c5d140	3	RESIDUAL-UNPUBLISHED-CONVERTER	OvertheRainbow=0 functional=FAIL(names)
passionone	main	7e9a5ed	3	RESIDUAL-UNPUBLISHED-CONVERTER	PassionOne-Black=0 functional=FAIL(shaping+rendering+gdef); PassionOne-Bold=0 functional=FAIL(shaping+rendering+gdef); PassionOne-Regular=0 functional=FAIL(shaping+rendering+gdef)
patuaone	main	fc24b80	3	RESIDUAL-UNPUBLISHED-CONVERTER	PatuaOne-Regular=0 functional=FAIL(names)
piedra	main	b31bf12	3	CLEAN-UNPUBLISHED-CONVERTER	Piedra-Regular=0 functional=PASS
pirataone	main	5c2c77d	3	RESIDUAL-UNPUBLISHED-CONVERTER	PirataOne-Regular=0 functional=FAIL(names)
poly	main	0e5ed39	3	RESIDUAL-UNPUBLISHED-CONVERTER	Poly-Italic=3 functional=FAIL(shaping+names+gdef); Poly-Regular=0 functional=FAIL(shaping+names+gdef)
portlligatsans	main	32edfaa	3	RESIDUAL-UNPUBLISHED-CONVERTER	PortLligatSans-Regular=0 functional=FAIL(names)
portlligatslab	main	0cc9f69	3	RESIDUAL-UNPUBLISHED-CONVERTER	PortLligatSlab-Regular=0 functional=FAIL(names)
quantico	main	335d987	3	RESIDUAL-UNPUBLISHED-CONVERTER	Quantico-Bold=0 functional=FAIL(names); Quantico-BoldItalic=0 functional=FAIL(names); Quantico-Italic=0 functional=FAIL(names); Quantico-Regular=0 functional=FAIL(names)
rambla	main	6484bd8	3	RESIDUAL-UNPUBLISHED-CONVERTER	Rambla-Bold=2 functional=FAIL(line_spacing); Rambla-BoldItalic=2 functional=FAIL(line_spacing); Rambla-Italic=0 functional=PASS; Rambla-Regular=0 functional=FAIL(names)
revalia	main	51a4cbe	3	RESIDUAL-UNPUBLISHED-CONVERTER	Revalia-Regular=0 functional=FAIL(names+line_spacing)
ribeyemarrow	main	3ff087d	3	RESIDUAL-UNPUBLISHED-CONVERTER	RibeyeMarrow-Regular=2 functional=FAIL(shaping+names+gdef)
rochester	main	bb92c11	3	CLEAN-UNPUBLISHED-CONVERTER	Rochester-Regular=0 functional=PASS
rosarivo	main	e005166	3	RESIDUAL-UNPUBLISHED-CONVERTER	Rosarivo-Italic=0 functional=PASS; Rosarivo-Regular=0 functional=FAIL(names)
rougescript	main	b524c2a	3	RESIDUAL-UNPUBLISHED-CONVERTER	RougeScript-Regular=0 functional=FAIL(rendering+names)
rufina	main	adc14b3	3	RESIDUAL-UNPUBLISHED-CONVERTER	Rufina-Bold=0 functional=PASS; Rufina-Regular=0 functional=FAIL(names)
ruluko	main	519aefe	3	RESIDUAL-UNPUBLISHED-CONVERTER	Ruluko-Regular=0 functional=FAIL(shaping+names+gdef)
sail	main	50c4951	3	RESIDUAL-UNPUBLISHED-CONVERTER	Sail-Regular=1 functional=FAIL(names+line_spacing)
salsa	main	72fa96c	3	RESIDUAL-UNPUBLISHED-CONVERTER	Salsa-Regular=0 functional=FAIL(shaping+names+gdef)
sanchez	main	ac908a3	3	RESIDUAL-UNPUBLISHED-CONVERTER	Sanchez-Italic=0 functional=PASS; Sanchez-Regular=0 functional=FAIL(shaping+names)
smokum	main	a16faca	3	RESIDUAL-UNPUBLISHED-CONVERTER	Smokum-Regular=3 functional=PASS
spirax	main	e0d7f73	3	RESIDUAL-UNPUBLISHED-CONVERTER	Spirax-Regular=0 functional=FAIL(names)
squadaone	main	1198066	3	RESIDUAL-UNPUBLISHED-CONVERTER	SquadaOne-Regular=0 functional=FAIL(names)
swankyandmoomoo	main	5548cab	3	RESIDUAL-UNPUBLISHED-CONVERTER	SwankyandMooMoo=0 functional=FAIL(names)
textmeone	main	685bd31	3	RESIDUAL-UNPUBLISHED-CONVERTER	TextMeOne-Regular=1 functional=FAIL(names+line_spacing)
thabit	main	bd64b93	3	RESIDUAL-UNPUBLISHED-CONVERTER	Thabit-Bold=923 functional=FAIL(cmap+shaping+rendering+names+line_spacing+advances); Thabit=923 functional=FAIL(cmap+shaping+rendering+names+line_spacing+advances)
thegirlnextdoor	main	ab3d6bf	3	RESIDUAL-UNPUBLISHED-CONVERTER	TheGirlNextDoor=0 functional=FAIL(names)
titanone	main	81964f5	3	RESIDUAL-UNPUBLISHED-CONVERTER	TitanOne-Regular=0 functional=FAIL(shaping+names+gdef)
titilliumweb	main	4959bf4	3	RESIDUAL-UNPUBLISHED-CONVERTER	TitilliumWeb-Black=1 functional=PASS; TitilliumWeb-Bold=1 functional=PASS; TitilliumWeb-BoldItalic=1 functional=PASS; TitilliumWeb-Italic=1 functional=PASS; TitilliumWeb-Light=1 functional=PASS; TitilliumWeb-LightItalic=1 functional=PASS; TitilliumWeb-Regular=1 functional=PASS; TitilliumWeb-SemiBold=1 functional=PASS; TitilliumWeb-SemiBoldItalic=1 functional=PASS
trochut	main	5e08e86	3	RESIDUAL-UNPUBLISHED-CONVERTER	Trochut-Bold=0 functional=PASS; Trochut-Italic=0 functional=PASS; Trochut-Regular=0 functional=FAIL(names)
ultra	main	16f4596	3	RESIDUAL-UNPUBLISHED-CONVERTER	Ultra-Regular=4 functional=FAIL(shaping+rendering+names)
varela	main	f0ad07f	3	RESIDUAL-UNPUBLISHED-CONVERTER	Varela-Regular=6 functional=FAIL(shaping+names+gdef)
viga	main	7a5363e	3	RESIDUAL-UNPUBLISHED-CONVERTER	Viga-Regular=0 functional=FAIL(shaping+rendering+names+gdef)
wallpoet	main	9681a55	3	RESIDUAL-UNPUBLISHED-CONVERTER	Wallpoet-Regular=1 functional=FAIL(rendering+names)
wendyone	main	034a806	3	RESIDUAL-UNPUBLISHED-CONVERTER	WendyOne-Regular=0 functional=FAIL(names)
