table	style	fea	aalt_warning
families.tsv	CreepsterCaps-Regular	identical	0
families.tsv	HerrVonMuellerhoff-Regular	identical	0
families.tsv	Kristi-Regular	identical	0
families.tsv	Lekton-Bold	CHANGED	0
families.tsv	Lekton-Italic	identical	0
families.tsv	Lekton-Regular	CHANGED	0
families.tsv	Miama-Regular	identical	0
families.tsv	Monoton-Regular	identical	0
families.tsv	NixieOne-Regular	identical	0
families.tsv	Nosifer-Regular	identical	0
families.tsv	NosiferCaps-Regular	identical	0
families.tsv	NovaCut	identical	0
families.tsv	NovaFlat	identical	0
families.tsv	NovaMono	identical	0
families.tsv	NovaOval	identical	0
families.tsv	NovaRound	identical	0
families.tsv	NovaScript-Regular	identical	0
families.tsv	NovaSlim	identical	0
families.tsv	NovaSquare	identical	0
families.tsv	PatrickHand-Regular	CHANGED	0
families.tsv	Play-Bold	identical	0
families.tsv	Play-Regular	CHANGED	1
families.tsv	Puritan-Bold	identical	0
families.tsv	Puritan-BoldItalic	identical	0
families.tsv	Puritan-Italic	identical	0
families.tsv	Puritan-Regular	identical	0
families.tsv	RussoOne-Regular	identical	0
families.tsv	SixCaps	identical	0
families.tsv	Smythe-Regular	identical	0
families.tsv	Tuffy-Bold	identical	0
families.tsv	Tuffy-BoldItalic	identical	0
families.tsv	Tuffy-Italic	CHANGED	0
families.tsv	Tuffy-Regular	CHANGED	0
families.tsv	TulpenOne-Regular	identical	0
families.tsv	UnifrakturCook-Bold	identical	0
families.tsv	UnifrakturMaguntia-Book	identical	0
families.tsv	AbrilFatface-Regular	CHANGED	0
families.tsv	Corben-Regular	identical	0
families.tsv	Corben-Bold	identical	0
families.tsv	AllertaStencil-Regular	identical	0
families.tsv	ComicRelief-Regular	CHANGED	0
families.tsv	ComicRelief-Bold	CHANGED	0
families-next.tsv	MountainsofChristmas-Bold	identical	0
families-next.tsv	MountainsofChristmas-Regular	identical	0
families-next.tsv	Rochester-Regular	identical	0
families-next.tsv	Smokum-Regular	identical	0
families-next.tsv	Ultra-Regular	identical	0
families-next.tsv	Cardo-Bold	identical	0
families-next.tsv	Cardo-Italic	identical	0
families-next.tsv	Cardo-Regular	identical	0
families-next.tsv	Italiana-Regular	identical	0
families-next.tsv	KeaniaOne-Regular	identical	0
families-next.tsv	KellySlab-Regular	identical	0
families-next.tsv	KottaOne-Regular	identical	0
families-next.tsv	Ledger-Regular	identical	0
families-next.tsv	LilitaOne-Regular	identical	0
families-next.tsv	Limelight-Regular	identical	0
families-next.tsv	Lohit-Bengali	identical	0
families-next.tsv	Lohit-Tamil	identical	0
families-next.tsv	LovedbytheKing	identical	0
families-next.tsv	LoveYaLikeASister	identical	0
families-next.tsv	Lustria-Regular	identical	0
families-next.tsv	Macondo-Regular	identical	0
families-next.tsv	Magra-Bold	identical	0
families-next.tsv	Magra-Regular	identical	0
families-next.tsv	Marvel-Bold	identical	0
families-next.tsv	Marvel-BoldItalic	identical	0
families-next.tsv	Marvel-Italic	identical	0
families-next.tsv	Marvel-Regular	identical	0
families-next.tsv	MedulaOne-Regular	identical	0
families-next.tsv	Megrim	CHANGED	0
families-next.tsv	MeieScript-Regular	identical	0
families-next.tsv	MergeOne-Regular	identical	0
families-next.tsv	MissFajardose-Regular	identical	0
families-next.tsv	MonsieurLaDoulaise-Regular	identical	0
families-next.tsv	MrBedfort-Regular	identical	0
families-next.tsv	MrDafoe-Regular	identical	0
families-next.tsv	MrDeHaviland-Regular	identical	0
families-next.tsv	MrsSaintDelafield-Regular	identical	0
families-next.tsv	MrsSheppards-Regular	identical	0
families-next.tsv	Niconne-Regular	identical	0
families-next.tsv	NothingYouCouldDo	identical	0
families-next.tsv	Numans-Regular	identical	0
families-next.tsv	OleoScript-Bold	identical	0
families-next.tsv	OleoScript-Regular	identical	0
families-next.tsv	OleoScriptSwashCaps-Bold	identical	0
families-next.tsv	OleoScriptSwashCaps-Regular	identical	0
families-next.tsv	Overlock-Black	identical	0
families-next.tsv	Overlock-BlackItalic	identical	0
families-next.tsv	Overlock-Bold	identical	0
families-next.tsv	Overlock-BoldItalic	identical	0
families-next.tsv	Overlock-Italic	identical	0
families-next.tsv	Overlock-Regular	identical	0
families-next.tsv	OverlockSC-Regular	identical	0
families-next.tsv	OvertheRainbow	identical	0
families-next.tsv	PassionOne-Black	identical	0
families-next.tsv	PassionOne-Bold	identical	0
families-next.tsv	PassionOne-Regular	identical	0
families-next.tsv	PatuaOne-Regular	identical	0
families-next.tsv	Piedra-Regular	identical	0
families-next.tsv	PirataOne-Regular	identical	0
families-next.tsv	Poly-Italic	CHANGED	0
families-next.tsv	Poly-Regular	identical	0
families-next.tsv	PortLligatSans-Regular	identical	0
families-next.tsv	PortLligatSlab-Regular	identical	0
families-next.tsv	Quantico-Bold	identical	0
families-next.tsv	Quantico-BoldItalic	identical	0
families-next.tsv	Quantico-Italic	identical	0
families-next.tsv	Quantico-Regular	identical	0
families-next.tsv	Rambla-Bold	identical	0
families-next.tsv	Rambla-BoldItalic	identical	0
families-next.tsv	Rambla-Italic	identical	0
families-next.tsv	Rambla-Regular	identical	0
families-next.tsv	Revalia-Regular	identical	0
families-next.tsv	RibeyeMarrow-Regular	identical	0
families-next.tsv	Rosarivo-Italic	identical	0
families-next.tsv	Rosarivo-Regular	identical	0
families-next.tsv	RougeScript-Regular	identical	0
families-next.tsv	Rufina-Bold	identical	0
families-next.tsv	Rufina-Regular	identical	0
families-next.tsv	Ruluko-Regular	identical	0
families-next.tsv	Sail-Regular	identical	0
families-next.tsv	Salsa-Regular	identical	0
families-next.tsv	Sanchez-Italic	identical	0
families-next.tsv	Sanchez-Regular	identical	0
families-next.tsv	Spirax-Regular	identical	0
families-next.tsv	SquadaOne-Regular	identical	0
families-next.tsv	SwankyandMooMoo	identical	0
families-next.tsv	TextMeOne-Regular	identical	0
families-next.tsv	Thabit-Bold	identical	0
families-next.tsv	Thabit	identical	0
families-next.tsv	TheGirlNextDoor	identical	0
families-next.tsv	TitanOne-Regular	identical	0
families-next.tsv	TitilliumWeb-Black	identical	0
families-next.tsv	TitilliumWeb-Bold	identical	0
families-next.tsv	TitilliumWeb-BoldItalic	identical	0
families-next.tsv	TitilliumWeb-Italic	identical	0
families-next.tsv	TitilliumWeb-Light	identical	0
families-next.tsv	TitilliumWeb-LightItalic	identical	0
families-next.tsv	TitilliumWeb-Regular	identical	0
families-next.tsv	TitilliumWeb-SemiBold	identical	0
families-next.tsv	TitilliumWeb-SemiBoldItalic	identical	0
families-next.tsv	Trochut-Bold	identical	0
families-next.tsv	Trochut-Italic	identical	0
families-next.tsv	Trochut-Regular	identical	0
families-next.tsv	Varela-Regular	CHANGED	0
families-next.tsv	Viga-Regular	identical	0
families-next.tsv	Wallpoet-Regular	identical	0
families-next.tsv	WendyOne-Regular	identical	0
