style	shared	proposed	rows_closed	rows_opened
Cardo-Bold	2	2	-	-
Cardo-Italic	10	10	-	-
Cardo-Regular	SKIP
Italiana-Regular	0	0	-	-
KeaniaOne-Regular	0	0	-	-
KellySlab-Regular	0	0	-	-
KottaOne-Regular	1	1	-	-
Ledger-Regular	2	2	-	-
LilitaOne-Regular	2	2	-	-
Limelight-Regular	5	5	-	-
Lohit-Bengali	1	1	-	-
Lohit-Tamil	8	8	-	-
LovedbytheKing	0	0	-	-
LoveYaLikeASister	0	0	-	-
Lustria-Regular	2	2	-	-
Macondo-Regular	1	1	-	-
Magra-Bold	3	3	-	-
Magra-Regular	0	0	-	-
Marvel-Bold	1	1	-	-
Marvel-BoldItalic	1	1	-	-
Marvel-Italic	0	0	-	-
Marvel-Regular	0	0	-	-
MedulaOne-Regular	0	0	-	-
Megrim	4	4	-	-
MeieScript-Regular	0	0	-	-
MergeOne-Regular	1	1	-	-
MissFajardose-Regular	0	0	-	-
MonsieurLaDoulaise-Regular	0	0	-	-
MountainsofChristmas-Bold	4	4	-	-
MountainsofChristmas-Regular	0	0	-	-
MrBedfort-Regular	0	0	-	-
MrDafoe-Regular	0	0	-	-
MrDeHaviland-Regular	0	0	-	-
MrsSaintDelafield-Regular	0	0	-	-
MrsSheppards-Regular	0	0	-	-
Niconne-Regular	0	0	-	-
NothingYouCouldDo	2	2	-	-
Numans-Regular	0	0	-	-
OleoScript-Bold	3	3	-	-
OleoScript-Regular	2	2	-	-
OleoScriptSwashCaps-Bold	3	3	-	-
OleoScriptSwashCaps-Regular	1	1	-	-
Overlock-Black	1	1	-	-
Overlock-BlackItalic	1	1	-	-
Overlock-Bold	1	1	-	-
Overlock-BoldItalic	1	1	-	-
Overlock-Italic	0	0	-	-
Overlock-Regular	0	0	-	-
OverlockSC-Regular	0	0	-	-
OvertheRainbow	0	0	-	-
PassionOne-Black	1	1	-	-
PassionOne-Bold	1	1	-	-
PassionOne-Regular	0	0	-	-
PatuaOne-Regular	0	0	-	-
Piedra-Regular	0	0	-	-
PirataOne-Regular	0	0	-	-
Poly-Italic	3	3	-	-
Poly-Regular	0	0	-	-
PortLligatSans-Regular	0	0	-	-
PortLligatSlab-Regular	0	0	-	-
Quantico-Bold	1	1	-	-
Quantico-BoldItalic	1	1	-	-
Quantico-Italic	0	0	-	-
Quantico-Regular	0	0	-	-
Rambla-Bold	3	3	-	-
Rambla-BoldItalic	3	3	-	-
Rambla-Italic	0	0	-	-
Rambla-Regular	0	0	-	-
Revalia-Regular	0	0	-	-
RibeyeMarrow-Regular	2	0	GSUB.feature_list,GSUB.lookup_list	-
Rochester-Regular	0	0	-	-
Rosarivo-Italic	1	1	-	-
Rosarivo-Regular	0	0	-	-
RougeScript-Regular	0	0	-	-
Rufina-Bold	1	1	-	-
Rufina-Regular	0	0	-	-
Ruluko-Regular	0	0	-	-
Sail-Regular	1	1	-	-
Salsa-Regular	0	0	-	-
Sanchez-Italic	0	0	-	-
Sanchez-Regular	0	0	-	-
Smokum-Regular	3	3	-	-
Spirax-Regular	0	0	-	-
SquadaOne-Regular	0	0	-	-
SwankyandMooMoo	0	0	-	-
TextMeOne-Regular	1	1	-	-
Thabit	465	465	-	-
Thabit-Bold	465	465	-	-
TheGirlNextDoor	0	0	-	-
TitanOne-Regular	0	0	-	-
TitilliumWeb-Black	2	2	-	-
TitilliumWeb-Bold	2	2	-	-
TitilliumWeb-BoldItalic	2	2	-	-
TitilliumWeb-Italic	1	1	-	-
TitilliumWeb-Light	2	2	-	-
TitilliumWeb-LightItalic	2	2	-	-
TitilliumWeb-Regular	1	1	-	-
TitilliumWeb-SemiBold	2	2	-	-
TitilliumWeb-SemiBoldItalic	2	2	-	-
Trochut-Bold	1	1	-	-
Trochut-Italic	0	0	-	-
Trochut-Regular	0	0	-	-
Ultra-Regular	3	3	-	-
Varela-Regular	6	6	-	-
Viga-Regular	0	0	-	-
Wallpoet-Regular	1	1	-	-
WendyOne-Regular	0	0	-	-
