style	rows_off	rows_on	opened	closed
MountainsofChristmas-Bold	4	4	-	-
MountainsofChristmas-Regular	0	0	-	-
Cardo-Bold	2	3	GSUB.script_list	-
Cardo-Italic	10	10	-	-
Cardo-Regular	NO-BUILD	-	-	-
Italiana-Regular	0	1	GSUB.script_list	-
KeaniaOne-Regular	0	1	GSUB.script_list	-
KottaOne-Regular	1	2	GSUB.script_list	-
Ledger-Regular	2	3	GSUB.script_list	-
LilitaOne-Regular	2	3	GSUB.script_list	-
Lohit-Bengali	1	1	-	-
Lohit-Tamil	8	8	-	-
Lustria-Regular	2	2	-	-
Macondo-Regular	1	1	-	-
MedulaOne-Regular	0	0	-	-
MergeOne-Regular	1	2	GSUB.script_list	-
MissFajardose-Regular	0	1	GSUB.script_list	-
MonsieurLaDoulaise-Regular	0	0	-	-
MrBedfort-Regular	0	0	-	-
MrDafoe-Regular	0	0	-	-
MrDeHaviland-Regular	0	0	-	-
MrsSaintDelafield-Regular	0	1	GSUB.script_list	-
MrsSheppards-Regular	0	0	-	-
Niconne-Regular	0	1	GSUB.script_list	-
Numans-Regular	0	0	-	-
OleoScript-Bold	3	4	GSUB.script_list	-
OleoScript-Regular	2	3	GSUB.script_list	-
OleoScriptSwashCaps-Bold	3	4	GSUB.script_list	-
OleoScriptSwashCaps-Regular	1	2	GSUB.script_list	-
Overlock-Black	1	1	-	-
Overlock-BlackItalic	1	1	-	-
Overlock-Bold	1	1	-	-
Overlock-BoldItalic	1	1	-	-
Overlock-Italic	0	0	-	-
Overlock-Regular	0	0	-	-
OverlockSC-Regular	0	0	-	-
PatuaOne-Regular	0	0	-	-
Piedra-Regular	0	0	-	-
PirataOne-Regular	0	1	GSUB.script_list	-
Poly-Italic	3	3	-	-
Poly-Regular	0	0	-	-
PortLligatSans-Regular	0	0	-	-
PortLligatSlab-Regular	0	0	-	-
Quantico-Bold	1	2	GSUB.script_list	-
Quantico-BoldItalic	1	2	GSUB.script_list	-
Quantico-Italic	0	1	GSUB.script_list	-
Quantico-Regular	0	1	GSUB.script_list	-
Rambla-Bold	3	4	GSUB.script_list	-
Rambla-BoldItalic	3	4	GSUB.script_list	-
Rambla-Italic	0	1	GSUB.script_list	-
Rambla-Regular	0	1	GSUB.script_list	-
RibeyeMarrow-Regular	2	3	GSUB.script_list	-
Rosarivo-Italic	1	2	GSUB.script_list	-
Rosarivo-Regular	0	1	GSUB.script_list	-
RougeScript-Regular	0	0	-	-
Rufina-Bold	1	2	GSUB.script_list	-
Rufina-Regular	0	1	GSUB.script_list	-
Ruluko-Regular	0	1	GSUB.script_list	-
Sail-Regular	1	1	-	-
Salsa-Regular	0	0	-	-
Sanchez-Italic	0	1	GSUB.script_list	-
Sanchez-Regular	0	1	GSUB.script_list	-
Spirax-Regular	0	1	GSUB.script_list	-
TextMeOne-Regular	1	1	-	-
Thabit-Bold	8	8	-	-
Thabit	8	8	-	-
TitanOne-Regular	0	0	-	-
TitilliumWeb-Black	2	2	-	-
TitilliumWeb-Bold	2	2	-	-
TitilliumWeb-BoldItalic	2	2	-	-
TitilliumWeb-Italic	1	1	-	-
TitilliumWeb-Light	2	2	-	-
TitilliumWeb-LightItalic	2	2	-	-
TitilliumWeb-Regular	1	1	-	-
TitilliumWeb-SemiBold	2	2	-	-
TitilliumWeb-SemiBoldItalic	2	2	-	-
Trochut-Bold	1	1	-	-
Trochut-Italic	0	0	-	-
Trochut-Regular	0	0	-	-
Varela-Regular	6	3	-	GPOS.feature_list,GPOS.lookup_list,GPOS.script_list
WendyOne-Regular	0	1	GSUB.script_list	-
