table	style	fftm_date	class	gsub_scripts	gpos_scripts	symmetric	kern_pairs	shipped
families.tsv	CreepsterCaps-Regular	2011-02-22	empty-GSUB-shell	DFLT,latn	DFLT,latn	yes	0	/home/fsanches/compartilhado/google/fonts/apache/creepstercaps/CreepsterCaps-Regular.ttf
families.tsv	HerrVonMuellerhoff-Regular	2011-02-22	empty-GSUB-shell	DFLT,latn	DFLT,latn	yes	0	/home/fsanches/compartilhado/google/fonts/ofl/herrvonmuellerhoff/HerrVonMuellerhoff-Regular.ttf
families.tsv	Kristi-Regular	2010-04-29	empty-GPOS-shell	DFLT,latn	DFLT,latn	yes	0	/home/fsanches/compartilhado/google/fonts/ofl/kristi/Kristi-Regular.ttf
families.tsv	Lekton-Bold	2010-04-29	empty-GPOS-shell	latn	latn	yes	0	/home/fsanches/compartilhado/google/fonts/ofl/lekton/Lekton-Bold.ttf
families.tsv	Lekton-Italic	2010-04-29	empty-GSUB-shell	latn	latn	yes	55	/home/fsanches/compartilhado/google/fonts/ofl/lekton/Lekton-Italic.ttf
families.tsv	Lekton-Regular	2010-04-29	empty-GPOS-shell	latn	latn	yes	0	/home/fsanches/compartilhado/google/fonts/ofl/lekton/Lekton-Regular.ttf
families.tsv	Miama-Regular	2011-02-22	kern-only	-	-	-	10645	/home/fsanches/compartilhado/google/fonts/ofl/miama/Miama-Regular.ttf
families.tsv	Monoton-Regular	2011-02-22	empty-GSUB-shell	latn	latn	yes	0	/home/fsanches/compartilhado/google/fonts/ofl/monoton/Monoton-Regular.ttf
families.tsv	NixieOne-Regular	2011-02-22	empty-GSUB-shell	DFLT,latn	DFLT,latn	yes	0	/home/fsanches/compartilhado/google/fonts/ofl/nixieone/NixieOne-Regular.ttf
families.tsv	Nosifer-Regular	2011-02-22	kern-only	-	-	-	28	/home/fsanches/compartilhado/google/fonts/ofl/nosifer/Nosifer-Regular.ttf
families.tsv	NosiferCaps-Regular	2011-02-22	both-with-lookups	DFLT,latn	DFLT,latn	yes	0	/home/fsanches/compartilhado/google/fonts/ofl/nosifercaps/NosiferCaps-Regular.ttf
families.tsv	NovaCut	2009-09-14	empty-GSUB-shell	DFLT,grek,latn	DFLT,grek,latn	yes	0	/home/fsanches/compartilhado/google/fonts/ofl/novacut/NovaCut.ttf
families.tsv	NovaFlat	2009-09-14	empty-GSUB-shell	DFLT,grek,latn	DFLT,grek,latn	yes	0	/home/fsanches/compartilhado/google/fonts/ofl/novaflat/NovaFlat.ttf
families.tsv	NovaMono	2009-09-14	no-layout	-	-	-	0	/home/fsanches/compartilhado/google/fonts/ofl/novamono/NovaMono.ttf
families.tsv	NovaOval	2009-09-14	empty-GSUB-shell	DFLT,grek,latn	DFLT,grek,latn	yes	0	/home/fsanches/compartilhado/google/fonts/ofl/novaoval/NovaOval.ttf
families.tsv	NovaRound	2009-09-14	empty-GSUB-shell	DFLT,grek,latn	DFLT,grek,latn	yes	0	/home/fsanches/compartilhado/google/fonts/ofl/novaround/NovaRound.ttf
families.tsv	NovaScript-Regular	2009-09-14	empty-GSUB-shell	DFLT,grek,latn	DFLT,grek,latn	yes	0	/home/fsanches/compartilhado/google/fonts/ofl/novascript/NovaScript-Regular.ttf
families.tsv	NovaSlim	2009-09-14	empty-GSUB-shell	DFLT,grek,latn	DFLT,grek,latn	yes	0	/home/fsanches/compartilhado/google/fonts/ofl/novaslim/NovaSlim.ttf
families.tsv	NovaSquare	2009-09-14	empty-GSUB-shell	DFLT,grek,latn	DFLT,grek,latn	yes	0	/home/fsanches/compartilhado/google/fonts/ofl/novasquare/NovaSquare.ttf
families.tsv	PatrickHand-Regular	2012-09-06	both-with-lookups	DFLT,grek,latn	DFLT,grek,latn	yes	0	/home/fsanches/compartilhado/google/fonts/ofl/patrickhand/PatrickHand-Regular.ttf
families.tsv	Play-Bold	-	both-with-lookups	DFLT,cyrl,grek,latn	DFLT,cyrl,grek,latn	yes	0	/home/fsanches/compartilhado/google/fonts/ofl/play/Play-Bold.ttf
families.tsv	Play-Regular	-	both-with-lookups	DFLT,cyrl,grek,latn	DFLT,cyrl,grek,latn	yes	0	/home/fsanches/compartilhado/google/fonts/ofl/play/Play-Regular.ttf
families.tsv	Puritan-Bold	2010-04-29	no-layout	-	-	-	0	/home/fsanches/compartilhado/google/fonts/ofl/puritan/Puritan-Bold.ttf
families.tsv	Puritan-BoldItalic	2010-04-29	no-layout	-	-	-	0	/home/fsanches/compartilhado/google/fonts/ofl/puritan/Puritan-BoldItalic.ttf
families.tsv	Puritan-Italic	2010-04-29	no-layout	-	-	-	0	/home/fsanches/compartilhado/google/fonts/ofl/puritan/Puritan-Italic.ttf
families.tsv	Puritan-Regular	2010-04-29	no-layout	-	-	-	0	/home/fsanches/compartilhado/google/fonts/ofl/puritan/Puritan-Regular.ttf
families.tsv	RussoOne-Regular	2011-02-22	empty-GSUB-shell	latn	latn	yes	0	/home/fsanches/compartilhado/google/fonts/ofl/russoone/RussoOne-Regular.ttf
families.tsv	SixCaps	2011-02-21	empty-GSUB-shell	latn	latn	yes	30	/home/fsanches/compartilhado/google/fonts/ofl/sixcaps/SixCaps.ttf
families.tsv	Smythe-Regular	2011-02-22	empty-GSUB-shell	latn	latn	yes	0	/home/fsanches/compartilhado/google/fonts/ofl/smythe/Smythe-Regular.ttf
families.tsv	Tuffy-Bold	2011-02-22	empty-GSUB-shell	latn	latn	yes	0	/home/fsanches/compartilhado/google/fonts/ofl/tuffy/Tuffy-Bold.ttf
families.tsv	Tuffy-BoldItalic	2011-02-22	empty-GSUB-shell	latn	latn	yes	0	/home/fsanches/compartilhado/google/fonts/ofl/tuffy/Tuffy-BoldItalic.ttf
families.tsv	Tuffy-Italic	-	both-with-lookups	DFLT,grek,latn	DFLT,grek,latn	yes	0	/home/fsanches/compartilhado/google/fonts/ofl/tuffy/Tuffy-Italic.ttf
families.tsv	Tuffy-Regular	-	both-with-lookups	DFLT,grek,latn	DFLT,grek,latn	yes	0	/home/fsanches/compartilhado/google/fonts/ofl/tuffy/Tuffy-Regular.ttf
families.tsv	TulpenOne-Regular	2011-02-22	kern-only	-	-	-	2286	/home/fsanches/compartilhado/google/fonts/ofl/tulpenone/TulpenOne-Regular.ttf
families.tsv	UnifrakturCook-Bold	2011-02-22	empty-GSUB-shell	latn	latn	yes	0	/home/fsanches/compartilhado/google/fonts/ofl/unifrakturcook/UnifrakturCook-Bold.ttf
families.tsv	UnifrakturMaguntia-Book	2010-04-29	empty-GPOS-shell	DFLT,hani,latn	DFLT,hani,latn	yes	0	/home/fsanches/compartilhado/google/fonts/ofl/unifrakturmaguntia/UnifrakturMaguntia-Book.ttf
families.tsv	AbrilFatface-Regular	2011-02-22	both-with-lookups	    ,latn	    ,latn	yes	0	/home/fsanches/compartilhado/google/fonts/ofl/abrilfatface/AbrilFatface-Regular.ttf
families.tsv	Corben-Regular	-	both-with-lookups	DFLT,latn	DFLT,latn	yes	0	/home/fsanches/compartilhado/google/fonts/ofl/corben/Corben-Regular.ttf
families.tsv	Corben-Bold	-	both-with-lookups	latn	latn	yes	0	/home/fsanches/compartilhado/google/fonts/ofl/corben/Corben-Bold.ttf
families.tsv	AllertaStencil-Regular	2011-02-22	empty-GSUB-shell	latn	latn	yes	0	/home/fsanches/compartilhado/google/fonts/ofl/allertastencil/AllertaStencil-Regular.ttf
families.tsv	ComicRelief-Regular	-	GSUB-only	latn	-	-	0	/home/fsanches/compartilhado/google/fonts/ofl/comicrelief/ComicRelief-Regular.ttf
families.tsv	ComicRelief-Bold	-	GSUB-only	latn	-	-	0	/home/fsanches/compartilhado/google/fonts/ofl/comicrelief/ComicRelief-Bold.ttf
families-next.tsv	MountainsofChristmas-Bold	2011-02-22	empty-GSUB-shell	DFLT,latn	DFLT,latn	yes	0	/home/fsanches/compartilhado/google/fonts/apache/mountainsofchristmas/MountainsofChristmas-Bold.ttf
families-next.tsv	MountainsofChristmas-Regular	2011-02-22	empty-GSUB-shell	DFLT,latn	DFLT,latn	yes	0	/home/fsanches/compartilhado/google/fonts/apache/mountainsofchristmas/MountainsofChristmas-Regular.ttf
families-next.tsv	Rochester-Regular	2011-02-22	no-layout	-	-	-	0	/home/fsanches/compartilhado/google/fonts/apache/rochester/Rochester-Regular.ttf
families-next.tsv	Smokum-Regular	2011-02-22	kern-only	-	-	-	3904	/home/fsanches/compartilhado/google/fonts/apache/smokum/Smokum-Regular.ttf
families-next.tsv	Ultra-Regular	2011-02-22	kern-only	-	-	-	2721	/home/fsanches/compartilhado/google/fonts/apache/ultra/Ultra-Regular.ttf
families-next.tsv	Cardo-Bold	2011-02-22	empty-GSUB-shell	latn	latn	yes	0	/home/fsanches/compartilhado/google/fonts/ofl/cardo/Cardo-Bold.ttf
families-next.tsv	Cardo-Italic	2011-02-22	both-with-lookups	grek,latn	grek,latn	yes	0	/home/fsanches/compartilhado/google/fonts/ofl/cardo/Cardo-Italic.ttf
families-next.tsv	Cardo-Regular	2011-02-22	both-with-lookups	grek,hebr,ital,latn	grek,hebr,ital,latn	yes	0	/home/fsanches/compartilhado/google/fonts/ofl/cardo/Cardo-Regular.ttf
families-next.tsv	Italiana-Regular	2011-02-22	empty-GSUB-shell	latn	latn	yes	0	/home/fsanches/compartilhado/google/fonts/ofl/italiana/Italiana-Regular.ttf
families-next.tsv	KeaniaOne-Regular	2012-09-06	empty-GSUB-shell	latn	latn	yes	0	/home/fsanches/compartilhado/google/fonts/ofl/keaniaone/KeaniaOne-Regular.ttf
families-next.tsv	KellySlab-Regular	2011-02-22	kern-only	-	-	-	5442	/home/fsanches/compartilhado/google/fonts/ofl/kellyslab/KellySlab-Regular.ttf
families-next.tsv	KottaOne-Regular	2011-02-22	empty-GSUB-shell	DFLT	DFLT	yes	0	/home/fsanches/compartilhado/google/fonts/ofl/kottaone/KottaOne-Regular.ttf
families-next.tsv	Ledger-Regular	2011-02-22	empty-GSUB-shell	latn	latn	yes	0	/home/fsanches/compartilhado/google/fonts/ofl/ledger/Ledger-Regular.ttf
families-next.tsv	LilitaOne-Regular	2011-02-22	empty-GSUB-shell	latn	latn	yes	0	/home/fsanches/compartilhado/google/fonts/ofl/lilitaone/LilitaOne-Regular.ttf
families-next.tsv	Limelight-Regular	2009-09-14	no-layout	-	-	-	0	/home/fsanches/compartilhado/google/fonts/ofl/limelight/Limelight-Regular.ttf
families-next.tsv	Lohit-Bengali	2012-09-06	both-with-lookups	beng	beng	yes	0	/home/fsanches/compartilhado/google/fonts/ofl/lohitbengali/Lohit-Bengali.ttf
families-next.tsv	Lohit-Tamil	2011-02-22	both-with-lookups	taml	taml	yes	0	/home/fsanches/compartilhado/google/fonts/ofl/lohittamil/Lohit-Tamil.ttf
families-next.tsv	LovedbytheKing	2011-02-22	no-layout	-	-	-	0	/home/fsanches/compartilhado/google/fonts/ofl/lovedbytheking/LovedbytheKing.ttf
families-next.tsv	LoveYaLikeASister	2011-02-22	no-layout	-	-	-	0	/home/fsanches/compartilhado/google/fonts/ofl/loveyalikeasister/LoveYaLikeASister.ttf
families-next.tsv	Lustria-Regular	2011-02-22	empty-GSUB-shell	DFLT,latn	DFLT,latn	yes	0	/home/fsanches/compartilhado/google/fonts/ofl/lustria/Lustria-Regular.ttf
families-next.tsv	Macondo-Regular	2011-02-22	empty-GSUB-shell	DFLT,latn	DFLT,latn	yes	0	/home/fsanches/compartilhado/google/fonts/ofl/macondo/Macondo-Regular.ttf
families-next.tsv	Magra-Bold	2011-02-22	no-layout	-	-	-	0	/home/fsanches/compartilhado/google/fonts/ofl/magra/Magra-Bold.ttf
families-next.tsv	Magra-Regular	2011-02-22	no-layout	-	-	-	0	/home/fsanches/compartilhado/google/fonts/ofl/magra/Magra-Regular.ttf
families-next.tsv	Marvel-Bold	2011-02-22	kern-only	-	-	-	3285	/home/fsanches/compartilhado/google/fonts/ofl/marvel/Marvel-Bold.ttf
families-next.tsv	Marvel-BoldItalic	2011-02-22	kern-only	-	-	-	3652	/home/fsanches/compartilhado/google/fonts/ofl/marvel/Marvel-BoldItalic.ttf
families-next.tsv	Marvel-Italic	2011-02-22	kern-only	-	-	-	3733	/home/fsanches/compartilhado/google/fonts/ofl/marvel/Marvel-Italic.ttf
families-next.tsv	Marvel-Regular	2011-02-22	kern-only	-	-	-	3466	/home/fsanches/compartilhado/google/fonts/ofl/marvel/Marvel-Regular.ttf
families-next.tsv	MedulaOne-Regular	2011-02-22	empty-GSUB-shell	DFLT,latn	DFLT,latn	yes	0	/home/fsanches/compartilhado/google/fonts/ofl/medulaone/MedulaOne-Regular.ttf
families-next.tsv	Megrim	2011-02-22	no-layout	-	-	-	0	/home/fsanches/compartilhado/google/fonts/ofl/megrim/Megrim.ttf
families-next.tsv	MeieScript-Regular	2010-04-29	no-layout	-	-	-	0	/home/fsanches/compartilhado/google/fonts/ofl/meiescript/MeieScript-Regular.ttf
families-next.tsv	MergeOne-Regular	2012-09-06	empty-GSUB-shell	latn	latn	yes	0	/home/fsanches/compartilhado/google/fonts/ofl/mergeone/MergeOne-Regular.ttf
families-next.tsv	MissFajardose-Regular	2011-02-22	empty-GSUB-shell	DFLT,latn	DFLT,latn	yes	0	/home/fsanches/compartilhado/google/fonts/ofl/missfajardose/MissFajardose-Regular.ttf
families-next.tsv	MonsieurLaDoulaise-Regular	2011-02-22	empty-GSUB-shell	DFLT,latn	DFLT,latn	yes	0	/home/fsanches/compartilhado/google/fonts/ofl/monsieurladoulaise/MonsieurLaDoulaise-Regular.ttf
families-next.tsv	MrBedfort-Regular	2011-02-22	empty-GSUB-shell	DFLT,latn	DFLT,latn	yes	0	/home/fsanches/compartilhado/google/fonts/ofl/mrbedfort/MrBedfort-Regular.ttf
families-next.tsv	MrDafoe-Regular	2011-02-22	empty-GSUB-shell	DFLT,latn	DFLT,latn	yes	0	/home/fsanches/compartilhado/google/fonts/ofl/mrdafoe/MrDafoe-Regular.ttf
families-next.tsv	MrDeHaviland-Regular	2011-02-22	empty-GSUB-shell	DFLT,latn	DFLT,latn	yes	0	/home/fsanches/compartilhado/google/fonts/ofl/mrdehaviland/MrDeHaviland-Regular.ttf
families-next.tsv	MrsSaintDelafield-Regular	2011-02-22	empty-GSUB-shell	DFLT,latn	DFLT,latn	yes	0	/home/fsanches/compartilhado/google/fonts/ofl/mrssaintdelafield/MrsSaintDelafield-Regular.ttf
families-next.tsv	MrsSheppards-Regular	2011-02-22	empty-GSUB-shell	DFLT,grek,latn	DFLT,grek,latn	yes	0	/home/fsanches/compartilhado/google/fonts/ofl/mrssheppards/MrsSheppards-Regular.ttf
families-next.tsv	Niconne-Regular	2011-02-22	empty-GSUB-shell	latn	latn	yes	0	/home/fsanches/compartilhado/google/fonts/ofl/niconne/Niconne-Regular.ttf
families-next.tsv	NothingYouCouldDo	2011-02-22	no-layout	-	-	-	0	/home/fsanches/compartilhado/google/fonts/ofl/nothingyoucoulddo/NothingYouCouldDo.ttf
families-next.tsv	Numans-Regular	2011-02-22	empty-GSUB-shell	DFLT,latn	DFLT,latn	yes	0	/home/fsanches/compartilhado/google/fonts/ofl/numans/Numans-Regular.ttf
families-next.tsv	OleoScript-Bold	2012-09-06	empty-GSUB-shell	latn	latn	yes	0	/home/fsanches/compartilhado/google/fonts/ofl/oleoscript/OleoScript-Bold.ttf
families-next.tsv	OleoScript-Regular	2012-09-06	empty-GSUB-shell	latn	latn	yes	0	/home/fsanches/compartilhado/google/fonts/ofl/oleoscript/OleoScript-Regular.ttf
families-next.tsv	OleoScriptSwashCaps-Bold	2012-09-06	empty-GSUB-shell	latn	latn	yes	0	/home/fsanches/compartilhado/google/fonts/ofl/oleoscriptswashcaps/OleoScriptSwashCaps-Bold.ttf
families-next.tsv	OleoScriptSwashCaps-Regular	2012-09-06	empty-GSUB-shell	latn	latn	yes	0	/home/fsanches/compartilhado/google/fonts/ofl/oleoscriptswashcaps/OleoScriptSwashCaps-Regular.ttf
families-next.tsv	Overlock-Black	2011-02-22	empty-GSUB-shell	DFLT,latn	DFLT,latn	yes	0	/home/fsanches/compartilhado/google/fonts/ofl/overlock/Overlock-Black.ttf
families-next.tsv	Overlock-BlackItalic	2011-02-22	empty-GSUB-shell	DFLT,latn	DFLT,latn	yes	0	/home/fsanches/compartilhado/google/fonts/ofl/overlock/Overlock-BlackItalic.ttf
families-next.tsv	Overlock-Bold	2011-02-22	empty-GSUB-shell	DFLT,latn	DFLT,latn	yes	0	/home/fsanches/compartilhado/google/fonts/ofl/overlock/Overlock-Bold.ttf
families-next.tsv	Overlock-BoldItalic	2011-02-22	empty-GSUB-shell	DFLT,latn	DFLT,latn	yes	0	/home/fsanches/compartilhado/google/fonts/ofl/overlock/Overlock-BoldItalic.ttf
families-next.tsv	Overlock-Italic	2011-02-22	empty-GSUB-shell	DFLT,latn	DFLT,latn	yes	0	/home/fsanches/compartilhado/google/fonts/ofl/overlock/Overlock-Italic.ttf
families-next.tsv	Overlock-Regular	2011-02-22	empty-GSUB-shell	DFLT,latn	DFLT,latn	yes	0	/home/fsanches/compartilhado/google/fonts/ofl/overlock/Overlock-Regular.ttf
families-next.tsv	OverlockSC-Regular	2011-02-22	empty-GSUB-shell	DFLT,latn	DFLT,latn	yes	0	/home/fsanches/compartilhado/google/fonts/ofl/overlocksc/OverlockSC-Regular.ttf
families-next.tsv	OvertheRainbow	2011-02-22	no-layout	-	-	-	0	/home/fsanches/compartilhado/google/fonts/ofl/overtherainbow/OvertheRainbow.ttf
families-next.tsv	PassionOne-Black	2011-02-22	no-layout	-	-	-	0	/home/fsanches/compartilhado/google/fonts/ofl/passionone/PassionOne-Black.ttf
families-next.tsv	PassionOne-Bold	2011-02-22	no-layout	-	-	-	0	/home/fsanches/compartilhado/google/fonts/ofl/passionone/PassionOne-Bold.ttf
families-next.tsv	PassionOne-Regular	2011-02-22	no-layout	-	-	-	0	/home/fsanches/compartilhado/google/fonts/ofl/passionone/PassionOne-Regular.ttf
families-next.tsv	PatuaOne-Regular	2011-02-22	empty-GSUB-shell	DFLT,latn	DFLT,latn	yes	0	/home/fsanches/compartilhado/google/fonts/ofl/patuaone/PatuaOne-Regular.ttf
families-next.tsv	Piedra-Regular	2011-02-22	empty-GSUB-shell	DFLT,latn	DFLT,latn	yes	0	/home/fsanches/compartilhado/google/fonts/ofl/piedra/Piedra-Regular.ttf
families-next.tsv	PirataOne-Regular	2012-09-06	empty-GSUB-shell	latn	latn	yes	0	/home/fsanches/compartilhado/google/fonts/ofl/pirataone/PirataOne-Regular.ttf
families-next.tsv	Poly-Italic	2011-02-22	both-with-lookups	latn	latn	yes	0	/home/fsanches/compartilhado/google/fonts/ofl/poly/Poly-Italic.ttf
families-next.tsv	Poly-Regular	2011-02-22	both-with-lookups	latn	latn	yes	0	/home/fsanches/compartilhado/google/fonts/ofl/poly/Poly-Regular.ttf
families-next.tsv	PortLligatSans-Regular	2011-02-22	empty-GSUB-shell	DFLT,latn	DFLT,latn	yes	0	/home/fsanches/compartilhado/google/fonts/ofl/portlligatsans/PortLligatSans-Regular.ttf
families-next.tsv	PortLligatSlab-Regular	2011-02-22	empty-GSUB-shell	DFLT,latn	DFLT,latn	yes	0	/home/fsanches/compartilhado/google/fonts/ofl/portlligatslab/PortLligatSlab-Regular.ttf
families-next.tsv	Quantico-Bold	2011-02-22	empty-GSUB-shell	latn	latn	yes	0	/home/fsanches/compartilhado/google/fonts/ofl/quantico/Quantico-Bold.ttf
families-next.tsv	Quantico-BoldItalic	2011-02-22	empty-GSUB-shell	latn	latn	yes	0	/home/fsanches/compartilhado/google/fonts/ofl/quantico/Quantico-BoldItalic.ttf
families-next.tsv	Quantico-Italic	2011-02-22	empty-GSUB-shell	latn	latn	yes	0	/home/fsanches/compartilhado/google/fonts/ofl/quantico/Quantico-Italic.ttf
families-next.tsv	Quantico-Regular	2011-02-22	empty-GSUB-shell	latn	latn	yes	0	/home/fsanches/compartilhado/google/fonts/ofl/quantico/Quantico-Regular.ttf
families-next.tsv	Rambla-Bold	2012-09-06	empty-GSUB-shell	DFLT	DFLT	yes	0	/home/fsanches/compartilhado/google/fonts/ofl/rambla/Rambla-Bold.ttf
families-next.tsv	Rambla-BoldItalic	2012-09-06	empty-GSUB-shell	DFLT	DFLT	yes	0	/home/fsanches/compartilhado/google/fonts/ofl/rambla/Rambla-BoldItalic.ttf
families-next.tsv	Rambla-Italic	2012-09-06	empty-GSUB-shell	DFLT	DFLT	yes	0	/home/fsanches/compartilhado/google/fonts/ofl/rambla/Rambla-Italic.ttf
families-next.tsv	Rambla-Regular	2012-09-06	empty-GSUB-shell	DFLT	DFLT	yes	0	/home/fsanches/compartilhado/google/fonts/ofl/rambla/Rambla-Regular.ttf
families-next.tsv	Revalia-Regular	2011-02-22	no-layout	-	-	-	0	/home/fsanches/compartilhado/google/fonts/ofl/revalia/Revalia-Regular.ttf
families-next.tsv	RibeyeMarrow-Regular	2011-02-22	both-with-lookups	latn	latn	yes	0	/home/fsanches/compartilhado/google/fonts/ofl/ribeyemarrow/RibeyeMarrow-Regular.ttf
families-next.tsv	Rosarivo-Italic	2011-02-22	empty-GSUB-shell	latn	latn	yes	0	/home/fsanches/compartilhado/google/fonts/ofl/rosarivo/Rosarivo-Italic.ttf
families-next.tsv	Rosarivo-Regular	2011-02-22	both-with-lookups	latn	latn	yes	0	/home/fsanches/compartilhado/google/fonts/ofl/rosarivo/Rosarivo-Regular.ttf
families-next.tsv	RougeScript-Regular	2011-02-22	empty-GSUB-shell	DFLT,latn	DFLT,latn	yes	0	/home/fsanches/compartilhado/google/fonts/ofl/rougescript/RougeScript-Regular.ttf
families-next.tsv	Rufina-Bold	2012-09-06	empty-GSUB-shell	DFLT	DFLT	yes	0	/home/fsanches/compartilhado/google/fonts/ofl/rufina/Rufina-Bold.ttf
families-next.tsv	Rufina-Regular	2012-09-06	empty-GSUB-shell	DFLT	DFLT	yes	0	/home/fsanches/compartilhado/google/fonts/ofl/rufina/Rufina-Regular.ttf
families-next.tsv	Ruluko-Regular	2011-02-22	empty-GSUB-shell	DFLT	DFLT	yes	0	/home/fsanches/compartilhado/google/fonts/ofl/ruluko/Ruluko-Regular.ttf
families-next.tsv	Sail-Regular	2011-02-22	empty-GSUB-shell	DFLT,latn	DFLT,latn	yes	0	/home/fsanches/compartilhado/google/fonts/ofl/sail/Sail-Regular.ttf
families-next.tsv	Salsa-Regular	2011-02-22	both-with-lookups	latn	latn	yes	0	/home/fsanches/compartilhado/google/fonts/ofl/salsa/Salsa-Regular.ttf
families-next.tsv	Sanchez-Italic	2012-09-06	both-with-lookups	DFLT	DFLT	yes	0	/home/fsanches/compartilhado/google/fonts/ofl/sanchez/Sanchez-Italic.ttf
families-next.tsv	Sanchez-Regular	2012-09-06	both-with-lookups	DFLT	DFLT	yes	0	/home/fsanches/compartilhado/google/fonts/ofl/sanchez/Sanchez-Regular.ttf
families-next.tsv	Spirax-Regular	2011-02-22	empty-GSUB-shell	latn	latn	yes	0	/home/fsanches/compartilhado/google/fonts/ofl/spirax/Spirax-Regular.ttf
families-next.tsv	SquadaOne-Regular	2011-02-22	no-layout	-	-	-	0	/home/fsanches/compartilhado/google/fonts/ofl/squadaone/SquadaOne-Regular.ttf
families-next.tsv	SwankyandMooMoo	2011-02-22	no-layout	-	-	-	0	/home/fsanches/compartilhado/google/fonts/ofl/swankyandmoomoo/SwankyandMooMoo.ttf
families-next.tsv	TextMeOne-Regular	2012-09-06	both-with-lookups	DFLT,grek,latn	DFLT,grek,latn	yes	0	/home/fsanches/compartilhado/google/fonts/ofl/textmeone/TextMeOne-Regular.ttf
families-next.tsv	Thabit-Bold	2008-08-08	both-with-lookups	arab,latn	arab,latn	yes	0	/home/fsanches/compartilhado/google/fonts/ofl/thabit/Thabit-Bold.ttf
families-next.tsv	Thabit	2008-08-08	both-with-lookups	arab,latn	arab,latn	yes	0	/home/fsanches/compartilhado/google/fonts/ofl/thabit/Thabit.ttf
families-next.tsv	TheGirlNextDoor	2011-02-22	no-layout	-	-	-	0	/home/fsanches/compartilhado/google/fonts/ofl/thegirlnextdoor/TheGirlNextDoor.ttf
families-next.tsv	TitanOne-Regular	2011-02-22	empty-GSUB-shell	DFLT,latn	DFLT,latn	yes	0	/home/fsanches/compartilhado/google/fonts/ofl/titanone/TitanOne-Regular.ttf
families-next.tsv	TitilliumWeb-Black	2012-09-06	both-with-lookups	DFLT,latn	DFLT,latn	yes	0	/home/fsanches/compartilhado/google/fonts/ofl/titilliumweb/TitilliumWeb-Black.ttf
families-next.tsv	TitilliumWeb-Bold	2012-09-06	both-with-lookups	DFLT,latn	DFLT,latn	yes	0	/home/fsanches/compartilhado/google/fonts/ofl/titilliumweb/TitilliumWeb-Bold.ttf
families-next.tsv	TitilliumWeb-BoldItalic	2012-09-06	both-with-lookups	DFLT,latn	DFLT,latn	yes	0	/home/fsanches/compartilhado/google/fonts/ofl/titilliumweb/TitilliumWeb-BoldItalic.ttf
families-next.tsv	TitilliumWeb-Italic	2012-09-06	both-with-lookups	DFLT,latn	DFLT,latn	yes	0	/home/fsanches/compartilhado/google/fonts/ofl/titilliumweb/TitilliumWeb-Italic.ttf
families-next.tsv	TitilliumWeb-Light	2012-09-06	both-with-lookups	DFLT,latn	DFLT,latn	yes	0	/home/fsanches/compartilhado/google/fonts/ofl/titilliumweb/TitilliumWeb-Light.ttf
families-next.tsv	TitilliumWeb-LightItalic	2012-09-06	both-with-lookups	DFLT,latn	DFLT,latn	yes	0	/home/fsanches/compartilhado/google/fonts/ofl/titilliumweb/TitilliumWeb-LightItalic.ttf
families-next.tsv	TitilliumWeb-Regular	2012-09-06	both-with-lookups	DFLT,latn	DFLT,latn	yes	0	/home/fsanches/compartilhado/google/fonts/ofl/titilliumweb/TitilliumWeb-Regular.ttf
families-next.tsv	TitilliumWeb-SemiBold	2012-09-06	both-with-lookups	DFLT,latn	DFLT,latn	yes	0	/home/fsanches/compartilhado/google/fonts/ofl/titilliumweb/TitilliumWeb-SemiBold.ttf
families-next.tsv	TitilliumWeb-SemiBoldItalic	2012-09-06	both-with-lookups	DFLT,latn	DFLT,latn	yes	0	/home/fsanches/compartilhado/google/fonts/ofl/titilliumweb/TitilliumWeb-SemiBoldItalic.ttf
families-next.tsv	Trochut-Bold	2011-02-22	empty-GSUB-shell	DFLT,latn	DFLT,latn	yes	0	/home/fsanches/compartilhado/google/fonts/ofl/trochut/Trochut-Bold.ttf
families-next.tsv	Trochut-Italic	2011-02-22	empty-GSUB-shell	DFLT,latn	DFLT,latn	yes	0	/home/fsanches/compartilhado/google/fonts/ofl/trochut/Trochut-Italic.ttf
families-next.tsv	Trochut-Regular	2011-02-22	empty-GSUB-shell	DFLT,latn	DFLT,latn	yes	0	/home/fsanches/compartilhado/google/fonts/ofl/trochut/Trochut-Regular.ttf
families-next.tsv	Varela-Regular	2011-02-22	empty-GPOS-shell	cyrl,grek,latn	cyrl,grek,latn	yes	0	/home/fsanches/compartilhado/google/fonts/ofl/varela/Varela-Regular.ttf
families-next.tsv	Viga-Regular	2011-02-22	no-layout	-	-	-	0	/home/fsanches/compartilhado/google/fonts/ofl/viga/Viga-Regular.ttf
families-next.tsv	Wallpoet-Regular	2011-02-22	kern-only	-	-	-	787	/home/fsanches/compartilhado/google/fonts/ofl/wallpoet/Wallpoet-Regular.ttf
families-next.tsv	WendyOne-Regular	2012-09-06	empty-GSUB-shell	latn	latn	yes	0	/home/fsanches/compartilhado/google/fonts/ofl/wendyone/WendyOne-Regular.ttf

# GSUB-only          FontForge=False   2  ComicRelief-Bold, ComicRelief-Regular
# both-with-lookups  FontForge=False   6  Corben-Bold, Corben-Regular, Play-Bold, Play-Regular, Tuffy-Italic, Tuffy-Regular
# both-with-lookups  FontForge=True   26  AbrilFatface-Regular, Cardo-Italic, Cardo-Regular, Lohit-Bengali, Lohit-Tamil, NosiferCaps-Regular, PatrickHand-Regular, Poly-Italic, Poly-Regular, RibeyeMarrow-Regular, Rosarivo-Regular, Salsa-Regular, Sanchez-Italic, Sanchez-Regular, TextMeOne-Regular, Thabit, Thabit-Bold, TitilliumWeb-Black, TitilliumWeb-Bold, TitilliumWeb-BoldItalic, TitilliumWeb-Italic, TitilliumWeb-Light, TitilliumWeb-LightItalic, TitilliumWeb-Regular, TitilliumWeb-SemiBold, TitilliumWeb-SemiBoldItalic
# empty-GPOS-shell   FontForge=True    5  Kristi-Regular, Lekton-Bold, Lekton-Regular, UnifrakturMaguntia-Book, Varela-Regular
# empty-GSUB-shell   FontForge=True   76  
# kern-only          FontForge=True   11  KellySlab-Regular, Marvel-Bold, Marvel-BoldItalic, Marvel-Italic, Marvel-Regular, Miama-Regular, Nosifer-Regular, Smokum-Regular, TulpenOne-Regular, Ultra-Regular, Wallpoet-Regular
# no-layout          FontForge=True   23  Limelight-Regular, LoveYaLikeASister, LovedbytheKing, Magra-Bold, Magra-Regular, Megrim, MeieScript-Regular, NothingYouCouldDo, NovaMono, OvertheRainbow, PassionOne-Black, PassionOne-Bold, PassionOne-Regular, Puritan-Bold, Puritan-BoldItalic, Puritan-Italic, Puritan-Regular, Revalia-Regular, Rochester-Regular, SquadaOne-Regular, SwankyandMooMoo, TheGirlNextDoor, Viga-Regular
