CreepsterCaps-Regular	no	GPOS has 1 lookups, GSUB 0
HerrVonMuellerhoff-Regular	no	GPOS has 1 lookups, GSUB 0
Kristi-Regular	yes	FontForge empty GPOS shell (0 lookups; GSUB has 5)
Lekton-Bold	yes	FontForge empty GPOS shell (0 lookups; GSUB has 22)
Lekton-Italic	no	GPOS has 1 lookups, GSUB 0
Lekton-Regular	yes	FontForge empty GPOS shell (0 lookups; GSUB has 22)
Miama-Regular	no	no GPOS/GSUB pair
Monoton-Regular	no	GPOS has 1 lookups, GSUB 0
NixieOne-Regular	no	GPOS has 1 lookups, GSUB 0
Nosifer-Regular	no	no GPOS/GSUB pair
NosiferCaps-Regular	no	GPOS has 1 lookups, GSUB 1
NovaCut	no	GPOS has 1 lookups, GSUB 0
NovaFlat	no	GPOS has 1 lookups, GSUB 0
NovaMono	no	no GPOS/GSUB pair
NovaOval	no	GPOS has 1 lookups, GSUB 0
NovaRound	no	GPOS has 1 lookups, GSUB 0
NovaScript-Regular	no	GPOS has 1 lookups, GSUB 0
NovaSlim	no	GPOS has 1 lookups, GSUB 0
NovaSquare	no	GPOS has 1 lookups, GSUB 0
PatrickHand-Regular	no	GPOS has 1 lookups, GSUB 14
Play-Bold	no	not exported by FontForge (no FFTM)
Play-Regular	no	not exported by FontForge (no FFTM)
Puritan-Bold	no	no GPOS/GSUB pair
Puritan-BoldItalic	no	no GPOS/GSUB pair
Puritan-Italic	no	no GPOS/GSUB pair
Puritan-Regular	no	no GPOS/GSUB pair
RussoOne-Regular	no	GPOS has 1 lookups, GSUB 0
SixCaps	no	GPOS has 1 lookups, GSUB 0
Smythe-Regular	no	GPOS has 1 lookups, GSUB 0
Tuffy-Bold	no	GPOS has 1 lookups, GSUB 0
Tuffy-BoldItalic	no	GPOS has 1 lookups, GSUB 0
Tuffy-Italic	no	not exported by FontForge (no FFTM)
Tuffy-Regular	no	not exported by FontForge (no FFTM)
TulpenOne-Regular	no	no GPOS/GSUB pair
UnifrakturCook-Bold	no	GPOS has 1 lookups, GSUB 0
UnifrakturMaguntia-Book	yes	FontForge empty GPOS shell (0 lookups; GSUB has 3)
AbrilFatface-Regular	no	GPOS has 2 lookups, GSUB 10
Corben-Regular	no	not exported by FontForge (no FFTM)
Corben-Bold	no	not exported by FontForge (no FFTM)
AllertaStencil-Regular	no	GPOS has 1 lookups, GSUB 0
ComicRelief-Regular	no	not exported by FontForge (no FFTM)
ComicRelief-Bold	no	not exported by FontForge (no FFTM)
MountainsofChristmas-Bold	no	GPOS has 1 lookups, GSUB 0
MountainsofChristmas-Regular	no	GPOS has 1 lookups, GSUB 0
Rochester-Regular	no	no GPOS/GSUB pair
Smokum-Regular	no	no GPOS/GSUB pair
Ultra-Regular	no	no GPOS/GSUB pair
Cardo-Bold	no	GPOS has 1 lookups, GSUB 0
Cardo-Italic	no	GPOS has 1 lookups, GSUB 10
Cardo-Regular	no	GPOS has 30 lookups, GSUB 40
Italiana-Regular	no	GPOS has 1 lookups, GSUB 0
KeaniaOne-Regular	no	GPOS has 1 lookups, GSUB 0
KellySlab-Regular	no	no GPOS/GSUB pair
KottaOne-Regular	no	GPOS has 1 lookups, GSUB 0
Ledger-Regular	no	GPOS has 1 lookups, GSUB 0
LilitaOne-Regular	no	GPOS has 1 lookups, GSUB 0
Limelight-Regular	no	no GPOS/GSUB pair
Lohit-Bengali	no	GPOS has 4 lookups, GSUB 12
Lohit-Tamil	no	GPOS has 1 lookups, GSUB 5
LovedbytheKing	no	no GPOS/GSUB pair
LoveYaLikeASister	no	no GPOS/GSUB pair
Lustria-Regular	no	GPOS has 1 lookups, GSUB 0
Macondo-Regular	no	GPOS has 1 lookups, GSUB 0
Magra-Bold	no	no GPOS/GSUB pair
Magra-Regular	no	no GPOS/GSUB pair
Marvel-Bold	no	no GPOS/GSUB pair
Marvel-BoldItalic	no	no GPOS/GSUB pair
Marvel-Italic	no	no GPOS/GSUB pair
Marvel-Regular	no	no GPOS/GSUB pair
MedulaOne-Regular	no	GPOS has 1 lookups, GSUB 0
Megrim	no	no GPOS/GSUB pair
MeieScript-Regular	no	no GPOS/GSUB pair
MergeOne-Regular	no	GPOS has 1 lookups, GSUB 0
MissFajardose-Regular	no	GPOS has 1 lookups, GSUB 0
MonsieurLaDoulaise-Regular	no	GPOS has 1 lookups, GSUB 0
MrBedfort-Regular	no	GPOS has 1 lookups, GSUB 0
MrDafoe-Regular	no	GPOS has 1 lookups, GSUB 0
MrDeHaviland-Regular	no	GPOS has 1 lookups, GSUB 0
MrsSaintDelafield-Regular	no	GPOS has 1 lookups, GSUB 0
MrsSheppards-Regular	no	GPOS has 1 lookups, GSUB 0
Niconne-Regular	no	GPOS has 1 lookups, GSUB 0
NothingYouCouldDo	no	no GPOS/GSUB pair
Numans-Regular	no	GPOS has 1 lookups, GSUB 0
OleoScript-Bold	no	GPOS has 1 lookups, GSUB 0
OleoScript-Regular	no	GPOS has 1 lookups, GSUB 0
OleoScriptSwashCaps-Bold	no	GPOS has 1 lookups, GSUB 0
OleoScriptSwashCaps-Regular	no	GPOS has 1 lookups, GSUB 0
Overlock-Black	no	GPOS has 1 lookups, GSUB 0
Overlock-BlackItalic	no	GPOS has 1 lookups, GSUB 0
Overlock-Bold	no	GPOS has 1 lookups, GSUB 0
Overlock-BoldItalic	no	GPOS has 1 lookups, GSUB 0
Overlock-Italic	no	GPOS has 1 lookups, GSUB 0
Overlock-Regular	no	GPOS has 1 lookups, GSUB 0
OverlockSC-Regular	no	GPOS has 1 lookups, GSUB 0
OvertheRainbow	no	no GPOS/GSUB pair
PassionOne-Black	no	no GPOS/GSUB pair
PassionOne-Bold	no	no GPOS/GSUB pair
PassionOne-Regular	no	no GPOS/GSUB pair
PatuaOne-Regular	no	GPOS has 1 lookups, GSUB 0
Piedra-Regular	no	GPOS has 1 lookups, GSUB 0
PirataOne-Regular	no	GPOS has 1 lookups, GSUB 0
Poly-Italic	no	GPOS has 2 lookups, GSUB 19
Poly-Regular	no	GPOS has 2 lookups, GSUB 14
PortLligatSans-Regular	no	GPOS has 1 lookups, GSUB 0
PortLligatSlab-Regular	no	GPOS has 1 lookups, GSUB 0
Quantico-Bold	no	GPOS has 1 lookups, GSUB 0
Quantico-BoldItalic	no	GPOS has 1 lookups, GSUB 0
Quantico-Italic	no	GPOS has 1 lookups, GSUB 0
Quantico-Regular	no	GPOS has 1 lookups, GSUB 0
Rambla-Bold	no	GPOS has 1 lookups, GSUB 0
Rambla-BoldItalic	no	GPOS has 1 lookups, GSUB 0
Rambla-Italic	no	GPOS has 1 lookups, GSUB 0
Rambla-Regular	no	GPOS has 1 lookups, GSUB 0
Revalia-Regular	no	no GPOS/GSUB pair
RibeyeMarrow-Regular	no	GPOS has 1 lookups, GSUB 8
Rosarivo-Italic	no	GPOS has 1 lookups, GSUB 0
Rosarivo-Regular	no	GPOS has 1 lookups, GSUB 1
RougeScript-Regular	no	GPOS has 1 lookups, GSUB 0
Rufina-Bold	no	GPOS has 1 lookups, GSUB 0
Rufina-Regular	no	GPOS has 1 lookups, GSUB 0
Ruluko-Regular	no	GPOS has 1 lookups, GSUB 0
Sail-Regular	no	GPOS has 1 lookups, GSUB 0
Salsa-Regular	no	GPOS has 1 lookups, GSUB 4
Sanchez-Italic	no	GPOS has 1 lookups, GSUB 3
Sanchez-Regular	no	GPOS has 1 lookups, GSUB 2
Spirax-Regular	no	GPOS has 1 lookups, GSUB 0
SquadaOne-Regular	no	no GPOS/GSUB pair
SwankyandMooMoo	no	no GPOS/GSUB pair
TextMeOne-Regular	no	GPOS has 1 lookups, GSUB 9
Thabit-Bold	no	GPOS has 2 lookups, GSUB 6
Thabit	no	GPOS has 2 lookups, GSUB 6
TheGirlNextDoor	no	no GPOS/GSUB pair
TitanOne-Regular	no	GPOS has 1 lookups, GSUB 0
TitilliumWeb-Black	no	GPOS has 2 lookups, GSUB 6
TitilliumWeb-Bold	no	GPOS has 2 lookups, GSUB 6
TitilliumWeb-BoldItalic	no	GPOS has 2 lookups, GSUB 6
TitilliumWeb-Italic	no	GPOS has 2 lookups, GSUB 6
TitilliumWeb-Light	no	GPOS has 2 lookups, GSUB 6
TitilliumWeb-LightItalic	no	GPOS has 2 lookups, GSUB 6
TitilliumWeb-Regular	no	GPOS has 2 lookups, GSUB 6
TitilliumWeb-SemiBold	no	GPOS has 2 lookups, GSUB 6
TitilliumWeb-SemiBoldItalic	no	GPOS has 2 lookups, GSUB 6
Trochut-Bold	no	GPOS has 1 lookups, GSUB 0
Trochut-Italic	no	GPOS has 1 lookups, GSUB 0
Trochut-Regular	no	GPOS has 1 lookups, GSUB 0
Varela-Regular	yes	FontForge empty GPOS shell (0 lookups; GSUB has 31)
Viga-Regular	no	no GPOS/GSUB pair
Wallpoet-Regular	no	no GPOS/GSUB pair
WendyOne-Regular	no	GPOS has 1 lookups, GSUB 0
