repo	family	lic	kind	base	commit	style	source	shipped
titilliumweb	titilliumweb	ofl	hg	googlefonts/googlefontdirectory-hg	52f780bc9d197280a9f430574e179a5f233c56b6	TitilliumWeb-Black	src/TitilliumWeb-Black-TTF.sfd	/home/fsanches/compartilhado/google/fonts/ofl/titilliumweb/TitilliumWeb-Black.ttf
titilliumweb	titilliumweb	ofl	hg	googlefonts/googlefontdirectory-hg	52f780bc9d197280a9f430574e179a5f233c56b6	TitilliumWeb-Bold	src/TitilliumWeb-Bold-TTF.sfd	/home/fsanches/compartilhado/google/fonts/ofl/titilliumweb/TitilliumWeb-Bold.ttf
titilliumweb	titilliumweb	ofl	hg	googlefonts/googlefontdirectory-hg	52f780bc9d197280a9f430574e179a5f233c56b6	TitilliumWeb-BoldItalic	src/TitilliumWeb-BoldItalic-TTF.sfd	/home/fsanches/compartilhado/google/fonts/ofl/titilliumweb/TitilliumWeb-BoldItalic.ttf
titilliumweb	titilliumweb	ofl	hg	googlefonts/googlefontdirectory-hg	52f780bc9d197280a9f430574e179a5f233c56b6	TitilliumWeb-Italic	src/TitilliumWeb-Italic-TTF.sfd	/home/fsanches/compartilhado/google/fonts/ofl/titilliumweb/TitilliumWeb-Italic.ttf
titilliumweb	titilliumweb	ofl	hg	googlefonts/googlefontdirectory-hg	52f780bc9d197280a9f430574e179a5f233c56b6	TitilliumWeb-Light	src/TitilliumWeb-Light-TTF.sfd	/home/fsanches/compartilhado/google/fonts/ofl/titilliumweb/TitilliumWeb-Light.ttf
titilliumweb	titilliumweb	ofl	hg	googlefonts/googlefontdirectory-hg	52f780bc9d197280a9f430574e179a5f233c56b6	TitilliumWeb-LightItalic	src/TitilliumWeb-LightItalic-TTF.sfd	/home/fsanches/compartilhado/google/fonts/ofl/titilliumweb/TitilliumWeb-LightItalic.ttf
titilliumweb	titilliumweb	ofl	hg	googlefonts/googlefontdirectory-hg	52f780bc9d197280a9f430574e179a5f233c56b6	TitilliumWeb-Regular	src/TitilliumWeb-Regular-TTF.sfd	/home/fsanches/compartilhado/google/fonts/ofl/titilliumweb/TitilliumWeb-Regular.ttf
titilliumweb	titilliumweb	ofl	hg	googlefonts/googlefontdirectory-hg	52f780bc9d197280a9f430574e179a5f233c56b6	TitilliumWeb-SemiBold	src/TitilliumWeb-SemiBold-TTF.sfd	/home/fsanches/compartilhado/google/fonts/ofl/titilliumweb/TitilliumWeb-SemiBold.ttf
titilliumweb	titilliumweb	ofl	hg	googlefonts/googlefontdirectory-hg	52f780bc9d197280a9f430574e179a5f233c56b6	TitilliumWeb-SemiBoldItalic	src/TitilliumWeb-SemiBoldItalic-TTF.sfd	/home/fsanches/compartilhado/google/fonts/ofl/titilliumweb/TitilliumWeb-SemiBoldItalic.ttf
wallpoet	wallpoet	ofl	hg	googlefonts/googlefontdirectory-hg	52f780bc9d197280a9f430574e179a5f233c56b6	Wallpoet-Regular	src/Wallpoet-Regular-TTF.sfd	/home/fsanches/compartilhado/google/fonts/ofl/wallpoet/Wallpoet-Regular.ttf
titilliumweb	titilliumweb	ofl	hg	googlefonts/googlefontdirectory-hg	52f780bc9d197280a9f430574e179a5f233c56b6	TitilliumWeb-ExtraLight	src/TitilliumWeb-Thin-TTF.sfd	/home/fsanches/compartilhado/google/fonts/ofl/titilliumweb/TitilliumWeb-ExtraLight.ttf
titilliumweb	titilliumweb	ofl	hg	googlefonts/googlefontdirectory-hg	52f780bc9d197280a9f430574e179a5f233c56b6	TitilliumWeb-ExtraLightItalic	src/TitilliumWeb-ThinItalic-TTF.sfd	/home/fsanches/compartilhado/google/fonts/ofl/titilliumweb/TitilliumWeb-ExtraLightItalic.ttf
