style	release_dups	none	dropalt	dup	dup+dropalt	matching
CreepsterCaps-Regular	no	=	=	+02C9,03BC,2219-	+02C9,03BC,2219-	none,dropalt
HerrVonMuellerhoff-Regular	no	=	=	+00A0,02C9,03BC,2219-	+00A0,02C9,03BC,2219-	none,dropalt
Kristi-Regular	yes	=	+-03BC	+00A0,02C9,2219-	+00A0,02C9,2219-03BC	none
Lekton-Bold	yes	=	+-03BC,2126,2206	+00A0,2219-	+00A0,2219-03BC,2126,2206	none
Lekton-Italic	no	=	=	+00A0,03BC-	+00A0,03BC-	none,dropalt
Lekton-Regular	yes	=	+-03BC,2126,2206	+00A0,2219-	+00A0,2219-03BC,2126,2206	none
Miama-Regular	no	=	=	+00A0,2206-	+00A0,2206-	none,dropalt
Monoton-Regular	yes	=	+-03BC	+2126,2219-	+2126,2219-03BC	none
NixieOne-Regular	no	=	=	+2219-	+2219-	none,dropalt
Nosifer-Regular	no	=	=	+00A0,02C9,03BC,2219-	+00A0,02C9,03BC,2219-	none,dropalt
NosiferCaps-Regular	no	=	=	+00A0,02C9,03BC,2219-	+00A0,02C9,03BC,2219-	none,dropalt
NovaCut	no	=	=	+02C9-	+02C9-	none,dropalt
NovaFlat	no	=	=	+02C9-	+02C9-	none,dropalt
NovaMono	no	=	=	=	=	none,dropalt,dup,dup+dropalt
NovaOval	no	=	=	+02C9-	+02C9-	none,dropalt
NovaRound	no	=	=	+02C9-	+02C9-	none,dropalt
NovaScript-Regular	no	=	=	+02C9-	+02C9-	none,dropalt
NovaSlim	no	=	=	+02C9-	+02C9-	none,dropalt
NovaSquare	no	=	=	+02C9-	+02C9-	none,dropalt
PatrickHand-Regular	no	=	=	+02C9,2126,2219-	+02C9,2126,2219-	none,dropalt
Play-Bold	no	+-0000,000D,00A0,01A0,01A1,01AF,01B0,0300,0301,0302,0303,0304,0306,0307,0308,0309,030B,031B,0323,0326,0335,0344,0374,0375,037E,0387,03CF,03D7,046A,046B,051A,051B,051C,051D,0524,0525,1EA0,1EA1,1EA2,1EA3,1EA4,1EA5,1EA6,1EA7,1EA8,1EA9,1EAA,1EAB,1EAC,1EAD,1EAE,1EAF,1EB0,1EB1,1EB2,1EB3,1EB4,1EB5,1EB6,1EB7,1EB8,1EB9,1EBA,1EBB,1EBC,1EBD,1EBE,1EBF,1EC0,1EC1,1EC2,1EC3,1EC4,1EC5,1EC6,1EC7,1EC8,1EC9,1ECA,1ECB,1ECC,1ECD,1ECE,1ECF,1ED0,1ED1,1ED2,1ED3,1ED4,1ED5,1ED6,1ED7,1ED8,1ED9,1EDA,1EDB,1EDC,1EDD,1EDE,1EDF,1EE0,1EE1,1EE2,1EE3,1EE4,1EE5,1EE6,1EE7,1EE8,1EE9,1EEA,1EEB,1EEC,1EED,1EEE,1EEF,1EF0,1EF1,1EF4,1EF5,1EF6,1EF7,1EF8,1EF9,20B8,20BD,2150,2151,2155,2156,2157,2158,2159,215A	+-0000,000D,00A0,01A0,01A1,01AF,01B0,0300,0301,0302,0303,0304,0306,0307,0308,0309,030B,031B,0323,0326,0335,0344,0374,0375,037E,0387,03BC,03CF,03D7,046A,046B,051A,051B,051C,051D,0524,0525,1EA0,1EA1,1EA2,1EA3,1EA4,1EA5,1EA6,1EA7,1EA8,1EA9,1EAA,1EAB,1EAC,1EAD,1EAE,1EAF,1EB0,1EB1,1EB2,1EB3,1EB4,1EB5,1EB6,1EB7,1EB8,1EB9,1EBA,1EBB,1EBC,1EBD,1EBE,1EBF,1EC0,1EC1,1EC2,1EC3,1EC4,1EC5,1EC6,1EC7,1EC8,1EC9,1ECA,1ECB,1ECC,1ECD,1ECE,1ECF,1ED0,1ED1,1ED2,1ED3,1ED4,1ED5,1ED6,1ED7,1ED8,1ED9,1EDA,1EDB,1EDC,1EDD,1EDE,1EDF,1EE0,1EE1,1EE2,1EE3,1EE4,1EE5,1EE6,1EE7,1EE8,1EE9,1EEA,1EEB,1EEC,1EED,1EEE,1EEF,1EF0,1EF1,1EF4,1EF5,1EF6,1EF7,1EF8,1EF9,20B8,20BD,2126,2150,2151,2155,2156,2157,2158,2159,215A,2206	+-0000,000D,01A0,01A1,01AF,01B0,0300,0301,0302,0303,0304,0306,0307,0308,0309,030B,031B,0323,0326,0335,0344,0374,0375,037E,0387,03CF,03D7,046A,046B,051A,051B,051C,051D,0524,0525,1EA0,1EA1,1EA2,1EA3,1EA4,1EA5,1EA6,1EA7,1EA8,1EA9,1EAA,1EAB,1EAC,1EAD,1EAE,1EAF,1EB0,1EB1,1EB2,1EB3,1EB4,1EB5,1EB6,1EB7,1EB8,1EB9,1EBA,1EBB,1EBC,1EBD,1EBE,1EBF,1EC0,1EC1,1EC2,1EC3,1EC4,1EC5,1EC6,1EC7,1EC8,1EC9,1ECA,1ECB,1ECC,1ECD,1ECE,1ECF,1ED0,1ED1,1ED2,1ED3,1ED4,1ED5,1ED6,1ED7,1ED8,1ED9,1EDA,1EDB,1EDC,1EDD,1EDE,1EDF,1EE0,1EE1,1EE2,1EE3,1EE4,1EE5,1EE6,1EE7,1EE8,1EE9,1EEA,1EEB,1EEC,1EED,1EEE,1EEF,1EF0,1EF1,1EF4,1EF5,1EF6,1EF7,1EF8,1EF9,20B8,20BD,2150,2151,2155,2156,2157,2158,2159,215A	+-0000,000D,01A0,01A1,01AF,01B0,0300,0301,0302,0303,0304,0306,0307,0308,0309,030B,031B,0323,0326,0335,0344,0374,0375,037E,0387,03BC,03CF,03D7,046A,046B,051A,051B,051C,051D,0524,0525,1EA0,1EA1,1EA2,1EA3,1EA4,1EA5,1EA6,1EA7,1EA8,1EA9,1EAA,1EAB,1EAC,1EAD,1EAE,1EAF,1EB0,1EB1,1EB2,1EB3,1EB4,1EB5,1EB6,1EB7,1EB8,1EB9,1EBA,1EBB,1EBC,1EBD,1EBE,1EBF,1EC0,1EC1,1EC2,1EC3,1EC4,1EC5,1EC6,1EC7,1EC8,1EC9,1ECA,1ECB,1ECC,1ECD,1ECE,1ECF,1ED0,1ED1,1ED2,1ED3,1ED4,1ED5,1ED6,1ED7,1ED8,1ED9,1EDA,1EDB,1EDC,1EDD,1EDE,1EDF,1EE0,1EE1,1EE2,1EE3,1EE4,1EE5,1EE6,1EE7,1EE8,1EE9,1EEA,1EEB,1EEC,1EED,1EEE,1EEF,1EF0,1EF1,1EF4,1EF5,1EF6,1EF7,1EF8,1EF9,20B8,20BD,2126,2150,2151,2155,2156,2157,2158,2159,215A,2206	NONE
Play-Regular	no	+-0000,000D,00A0,01A0,01A1,01AF,01B0,0300,0301,0302,0303,0304,0306,0307,0308,0309,030B,031B,0323,0326,0335,0344,0374,0375,037E,0387,03CF,03D7,046A,046B,051A,051B,051C,051D,0524,0525,1EA0,1EA1,1EA2,1EA3,1EA4,1EA5,1EA6,1EA7,1EA8,1EA9,1EAA,1EAB,1EAC,1EAD,1EAE,1EAF,1EB0,1EB1,1EB2,1EB3,1EB4,1EB5,1EB6,1EB7,1EB8,1EB9,1EBA,1EBB,1EBC,1EBD,1EBE,1EBF,1EC0,1EC1,1EC2,1EC3,1EC4,1EC5,1EC6,1EC7,1EC8,1EC9,1ECA,1ECB,1ECC,1ECD,1ECE,1ECF,1ED0,1ED1,1ED2,1ED3,1ED4,1ED5,1ED6,1ED7,1ED8,1ED9,1EDA,1EDB,1EDC,1EDD,1EDE,1EDF,1EE0,1EE1,1EE2,1EE3,1EE4,1EE5,1EE6,1EE7,1EE8,1EE9,1EEA,1EEB,1EEC,1EED,1EEE,1EEF,1EF0,1EF1,1EF4,1EF5,1EF6,1EF7,1EF8,1EF9,20B8,20BD,2150,2151,2155,2156,2157,2158,2159,215A	+-0000,000D,00A0,01A0,01A1,01AF,01B0,0300,0301,0302,0303,0304,0306,0307,0308,0309,030B,031B,0323,0326,0335,0344,0374,0375,037E,0387,03CF,03D7,046A,046B,051A,051B,051C,051D,0524,0525,1EA0,1EA1,1EA2,1EA3,1EA4,1EA5,1EA6,1EA7,1EA8,1EA9,1EAA,1EAB,1EAC,1EAD,1EAE,1EAF,1EB0,1EB1,1EB2,1EB3,1EB4,1EB5,1EB6,1EB7,1EB8,1EB9,1EBA,1EBB,1EBC,1EBD,1EBE,1EBF,1EC0,1EC1,1EC2,1EC3,1EC4,1EC5,1EC6,1EC7,1EC8,1EC9,1ECA,1ECB,1ECC,1ECD,1ECE,1ECF,1ED0,1ED1,1ED2,1ED3,1ED4,1ED5,1ED6,1ED7,1ED8,1ED9,1EDA,1EDB,1EDC,1EDD,1EDE,1EDF,1EE0,1EE1,1EE2,1EE3,1EE4,1EE5,1EE6,1EE7,1EE8,1EE9,1EEA,1EEB,1EEC,1EED,1EEE,1EEF,1EF0,1EF1,1EF4,1EF5,1EF6,1EF7,1EF8,1EF9,20B8,20BD,2126,2150,2151,2155,2156,2157,2158,2159,215A	+-0000,000D,01A0,01A1,01AF,01B0,0300,0301,0302,0303,0304,0306,0307,0308,0309,030B,031B,0323,0326,0335,0344,0374,0375,037E,0387,03CF,03D7,046A,046B,051A,051B,051C,051D,0524,0525,1EA0,1EA1,1EA2,1EA3,1EA4,1EA5,1EA6,1EA7,1EA8,1EA9,1EAA,1EAB,1EAC,1EAD,1EAE,1EAF,1EB0,1EB1,1EB2,1EB3,1EB4,1EB5,1EB6,1EB7,1EB8,1EB9,1EBA,1EBB,1EBC,1EBD,1EBE,1EBF,1EC0,1EC1,1EC2,1EC3,1EC4,1EC5,1EC6,1EC7,1EC8,1EC9,1ECA,1ECB,1ECC,1ECD,1ECE,1ECF,1ED0,1ED1,1ED2,1ED3,1ED4,1ED5,1ED6,1ED7,1ED8,1ED9,1EDA,1EDB,1EDC,1EDD,1EDE,1EDF,1EE0,1EE1,1EE2,1EE3,1EE4,1EE5,1EE6,1EE7,1EE8,1EE9,1EEA,1EEB,1EEC,1EED,1EEE,1EEF,1EF0,1EF1,1EF4,1EF5,1EF6,1EF7,1EF8,1EF9,20B8,20BD,2150,2151,2155,2156,2157,2158,2159,215A	+-0000,000D,01A0,01A1,01AF,01B0,0300,0301,0302,0303,0304,0306,0307,0308,0309,030B,031B,0323,0326,0335,0344,0374,0375,037E,0387,03CF,03D7,046A,046B,051A,051B,051C,051D,0524,0525,1EA0,1EA1,1EA2,1EA3,1EA4,1EA5,1EA6,1EA7,1EA8,1EA9,1EAA,1EAB,1EAC,1EAD,1EAE,1EAF,1EB0,1EB1,1EB2,1EB3,1EB4,1EB5,1EB6,1EB7,1EB8,1EB9,1EBA,1EBB,1EBC,1EBD,1EBE,1EBF,1EC0,1EC1,1EC2,1EC3,1EC4,1EC5,1EC6,1EC7,1EC8,1EC9,1ECA,1ECB,1ECC,1ECD,1ECE,1ECF,1ED0,1ED1,1ED2,1ED3,1ED4,1ED5,1ED6,1ED7,1ED8,1ED9,1EDA,1EDB,1EDC,1EDD,1EDE,1EDF,1EE0,1EE1,1EE2,1EE3,1EE4,1EE5,1EE6,1EE7,1EE8,1EE9,1EEA,1EEB,1EEC,1EED,1EEE,1EEF,1EF0,1EF1,1EF4,1EF5,1EF6,1EF7,1EF8,1EF9,20B8,20BD,2126,2150,2151,2155,2156,2157,2158,2159,215A	NONE
Puritan-Bold	yes	=	+-02C9,03BC,2010,2126,2206,2212,2219,22F2	=	+-02C9,03BC,2010,2126,2206,2212,2219,22F2	none,dup
Puritan-BoldItalic	yes	=	+-02C9,03BC,2010,2126,2206,2212,2219,22F2	=	+-02C9,03BC,2010,2126,2206,2212,2219,22F2	none,dup
Puritan-Italic	yes	=	+-02C9,03BC,2010,2126,2206,2212,2219,22F2	=	+-02C9,03BC,2010,2126,2206,2212,2219,22F2	none,dup
Puritan-Regular	yes	=	+-02C9,03BC,2010,2126,2206,2212,2219,22F2	=	+-02C9,03BC,2010,2126,2206,2212,2219,22F2	none,dup
RussoOne-Regular	yes	=	+-00A0,03BC	+02C9,2219-	+02C9,2219-00A0,03BC	none
SixCaps	yes	=	+-03BC,2126,2206	+02C9,2219-	+02C9,2219-03BC,2126,2206	none
Smythe-Regular	yes	=	+-00A0	+02C9,03BC,2219-	+02C9,03BC,2219-00A0	none
Tuffy-Bold	no	+007F-	+007F-	+007F,00A0,02C9,2219-	+007F,00A0,02C9,2219-	NONE
Tuffy-BoldItalic	no	+007F-	+007F-	+007F,00A0,02C9,2219-	+007F,00A0,02C9,2219-	NONE
Tuffy-Italic	no	+-0000,000D	+-0000,000D	+00A0,02C9,2219-0000,000D	+00A0,02C9,2219-0000,000D	NONE
Tuffy-Regular	no	+-0000,000D	+-0000,000D	+00A0,02C9,2219-0000,000D	+00A0,02C9,2219-0000,000D	NONE
TulpenOne-Regular	yes	=	+-00A0,03BC	+2219-	+2219-00A0,03BC	none
UnifrakturCook-Bold	no	=	=	+02C9,2219-	+02C9,2219-	none,dropalt
UnifrakturMaguntia-Book	yes	=	+-00A0	+02C9,2219-	+02C9,2219-00A0	none
AbrilFatface-Regular	no	=	=	=	=	none,dropalt,dup,dup+dropalt
Corben-Regular	no	=	=	+02C9,03BC,2219-	+02C9,03BC,2219-	none,dropalt
Corben-Bold	yes	=	+-03BC	+02C9,2219-	+02C9,2219-03BC	none
AllertaStencil-Regular	yes	=	+-00A0	=	+-00A0	none,dup
ComicRelief-Regular	yes	=	+-037E,201B,2215,2219	=	+-037E,201B,2215,2219	none,dup
ComicRelief-Bold	yes	=	+-037E,201B,2215,2219	=	+-037E,201B,2215,2219	none,dup
