MountainsofChristmas-Bold	SAME	-
MountainsofChristmas-Regular	SAME	-
Rochester-Regular	SAME	-
Smokum-Regular	SAME	-
Ultra-Regular	SAME	-
Cardo-Bold	SAME	-
Cardo-Italic	SAME	-
Cardo-Regular	SAME	-
Italiana-Regular	SAME	-
KeaniaOne-Regular	SAME	-
KellySlab-Regular	SAME	-
KottaOne-Regular	SAME	-
Ledger-Regular	SAME	-
LilitaOne-Regular	SAME	-
Limelight-Regular	SAME	-
Lohit-Bengali	SAME	-
Lohit-Tamil	SAME	-
LovedbytheKing	SAME	-
LoveYaLikeASister	SAME	-
Lustria-Regular	SAME	-
Macondo-Regular	SAME	-
Magra-Bold	SAME	-
Magra-Regular	SAME	-
Marvel-Bold	SAME	-
Marvel-BoldItalic	SAME	-
Marvel-Italic	SAME	-
Marvel-Regular	SAME	-
MedulaOne-Regular	SAME	-
Megrim	DIFFERS	-languagesystem DFLT dflt;
MeieScript-Regular	SAME	-
MergeOne-Regular	SAME	-
MissFajardose-Regular	SAME	-
MonsieurLaDoulaise-Regular	SAME	-
MrBedfort-Regular	SAME	-
MrDafoe-Regular	SAME	-
MrDeHaviland-Regular	SAME	-
MrsSaintDelafield-Regular	SAME	-
MrsSheppards-Regular	SAME	-
Niconne-Regular	SAME	-
NothingYouCouldDo	SAME	-
Numans-Regular	SAME	-
OleoScript-Bold	SAME	-
OleoScript-Regular	SAME	-
OleoScriptSwashCaps-Bold	SAME	-
OleoScriptSwashCaps-Regular	SAME	-
Overlock-Black	SAME	-
Overlock-BlackItalic	SAME	-
Overlock-Bold	SAME	-
Overlock-BoldItalic	SAME	-
Overlock-Italic	SAME	-
Overlock-Regular	SAME	-
OverlockSC-Regular	SAME	-
OvertheRainbow	SAME	-
PassionOne-Black	SAME	-
PassionOne-Bold	SAME	-
PassionOne-Regular	SAME	-
PatuaOne-Regular	SAME	-
Piedra-Regular	SAME	-
PirataOne-Regular	SAME	-
Poly-Italic	DIFFERS	-languagesystem latn ROM;
Poly-Regular	SAME	-
PortLligatSans-Regular	SAME	-
PortLligatSlab-Regular	SAME	-
Quantico-Bold	SAME	-
Quantico-BoldItalic	SAME	-
Quantico-Italic	SAME	-
Quantico-Regular	SAME	-
Rambla-Bold	SAME	-
Rambla-BoldItalic	SAME	-
Rambla-Italic	SAME	-
Rambla-Regular	SAME	-
Revalia-Regular	SAME	-
RibeyeMarrow-Regular	SAME	-
Rosarivo-Italic	SAME	-
Rosarivo-Regular	SAME	-
RougeScript-Regular	SAME	-
Rufina-Bold	SAME	-
Rufina-Regular	SAME	-
Ruluko-Regular	SAME	-
Sail-Regular	SAME	-
Salsa-Regular	SAME	-
Sanchez-Italic	SAME	-
Sanchez-Regular	SAME	-
Spirax-Regular	SAME	-
SquadaOne-Regular	SAME	-
SwankyandMooMoo	SAME	-
TextMeOne-Regular	SAME	-
Thabit-Bold	SAME	-
Thabit	SAME	-
TheGirlNextDoor	SAME	-
TitanOne-Regular	SAME	-
TitilliumWeb-Black	SAME	-
TitilliumWeb-Bold	SAME	-
TitilliumWeb-BoldItalic	SAME	-
TitilliumWeb-Italic	SAME	-
TitilliumWeb-Light	SAME	-
TitilliumWeb-LightItalic	SAME	-
TitilliumWeb-Regular	SAME	-
TitilliumWeb-SemiBold	SAME	-
TitilliumWeb-SemiBoldItalic	SAME	-
Trochut-Bold	SAME	-
Trochut-Italic	SAME	-
Trochut-Regular	SAME	-
Varela-Regular	DIFFERS	-languagesystem latn SRB;
Viga-Regular	SAME	-
Wallpoet-Regular	SAME	-
WendyOne-Regular	SAME	-
