CreepsterCaps-Regular	SAME	-
HerrVonMuellerhoff-Regular	SAME	-
Kristi-Regular	SAME	-
Lekton-Bold	DIFFERS	-language TUR ;
Lekton-Italic	SAME	-
Lekton-Regular	DIFFERS	-language TUR ;
Miama-Regular	SAME	-
Monoton-Regular	SAME	-
NixieOne-Regular	SAME	-
Nosifer-Regular	SAME	-
NosiferCaps-Regular	SAME	-
NovaCut	SAME	-
NovaFlat	SAME	-
NovaMono	SAME	-
NovaOval	SAME	-
NovaRound	SAME	-
NovaScript-Regular	SAME	-
NovaSlim	SAME	-
NovaSquare	SAME	-
PatrickHand-Regular	DIFFERS	-language ROM ;
Play-Bold	SAME	-
Play-Regular	DIFFERS	-language AZE ;
Puritan-Bold	SAME	-
Puritan-BoldItalic	SAME	-
Puritan-Italic	SAME	-
Puritan-Regular	SAME	-
RussoOne-Regular	SAME	-
SixCaps	SAME	-
Smythe-Regular	SAME	-
Tuffy-Bold	SAME	-
Tuffy-BoldItalic	SAME	-
Tuffy-Italic	DIFFERS	-language HUN ;
Tuffy-Regular	DIFFERS	-language HUN ;
TulpenOne-Regular	SAME	-
UnifrakturCook-Bold	SAME	-
UnifrakturMaguntia-Book	SAME	-
AbrilFatface-Regular	DIFFERS	-language AZE ;
Corben-Regular	SAME	-
Corben-Bold	SAME	-
AllertaStencil-Regular	SAME	-
ComicRelief-Regular	DIFFERS	-language LTH ;
ComicRelief-Bold	DIFFERS	-language LTH ;
