Ledger-Regular	ofl/ledger/src/Ledger-Regular.otf	BlueValues [-21 0 487 495 750 768]
LilitaOne-Regular	ofl/lilitaone/src/LilitaOne-Regular.otf	BlueValues [-10 0 506 510 704 709]
Lustria-Regular	ofl/lustria/src/Lustria-Regular.otf	BlueValues [-11 0 504 511 704 711]
Magra-Bold	ofl/magra/src/Magra-Bold.otf	BlueValues [-12 0 525 537 700 712 750 760]
MergeOne-Regular	ofl/mergeone/src/MergeOne-Regular.otf	BlueValues [-8 0 493 502 679 687]
OleoScript-Bold	ofl/oleoscript/src/OleoScript-Bold.otf	BlueValues [-12 0 443 443 710 710]
OleoScript-Regular	ofl/oleoscript/src/OleoScript-Regular.otf	BlueValues [-12 0 443 450 710 710]
OleoScriptSwashCaps-Bold	ofl/oleoscriptswashcaps/src/OleoScriptSwashCaps-Bold.otf	BlueValues [-13 0 443 443 747 747]
OleoScriptSwashCaps-Regular	ofl/oleoscriptswashcaps/src/OleoScriptSwashCaps-Regular.otf	BlueValues [-12 0 443 450 747 747]
Rambla-Bold	ofl/rambla/src/Rambla-Bold.otf	BlueValues [-13 0 517 524 669 680]
Rambla-BoldItalic	ofl/rambla/src/Rambla-BoldItalic.otf	BlueValues [-13 0 517 524 669 680]
Sail-Regular	ofl/sail/src/Sail-Regular.otf	BlueValues [0 0 389 389 666 666]
TextMeOne-Regular	ofl/textmeone/src/TextMeOne-Regular.otf	BlueValues [-1 0 502 502 700 706]
